 model_ensemble/variable,rsus_Amon,tro3_Amon,rsds_Amon,hfss_Amon,ps_Amon,hfls_Amon,rlds_Amon,rlus_Amon
BNU-ESM_r1i1p1,NP,NP,NP,NP,NP, v20121022 | ,NP,NP
CCSM4_r1i1p10, v20120604 latest new | ,NP, v20120604 latest on 2017-07-05 | , v20120604 latest new | , v20120604 latest new | , v20120604 latest on 2017-07-05 | , v20120604 latest new | , v20120604 latest new | 
CCSM4_r1i1p11, v20160829 latest new | ,NP, v20121031 | v20160829 latest new | , v20160829 latest new | , v20160829 latest new | , v20160829 latest new | , v20160829 latest new | , v20160829 latest new | 
CCSM4_r1i1p12, v20160829 latest new | ,NP, v20160829 latest new | , v20160829 latest new | , v20160829 latest new | , v20160829 latest new | , v20160829 latest new | , v20160829 latest new | 
CCSM4_r1i1p13, v20160829 latest new | ,NP, v20160829 latest new | , v20160829 latest new | , v20160829 latest new | , v20160829 latest new | , v20160829 latest new | , v20160829 latest new | 
CCSM4_r1i1p14, v20160829 latest new | ,NP, v20121031 | v20121031 | v20160829 latest new | , v20160829 latest new | , v20160829 latest new | , v20160829 latest new | , v20121031 | v20121031 | v20160829 latest new | , v20160829 latest new | 
CCSM4_r1i1p15, v20160829 latest new | ,NP, v20160829 latest new | , v20160829 latest new | , v20160829 latest new | , v20160829 latest new | , v20160829 latest new | , v20160829 latest new | 
CCSM4_r1i1p16, v20160829 latest new | ,NP, v20160829 latest new | , v20160829 latest new | , v20160829 latest new | , v20160829 latest new | , v20160829 latest new | , v20160829 latest new | 
CCSM4_r1i1p17, v20160829 latest new | ,NP, v20160829 latest new | , v20160829 latest new | , v20160829 latest new | , v20160829 latest new | , v20160829 latest new | , v20160829 latest new | 
CCSM4_r2i1p11, v20120604 latest on 2017-07-05 | ,NP, v20120604 latest on 2017-07-05 | , v20120604 latest new | , v20120604 latest new | , v20120604 latest new | , v20120604 latest new | , v20120604 latest new | 
CCSM4_r3i1p13, v20120529 latest new | ,NP, v20120529 latest new | , v20120529 latest on 2017-07-05 | , v20120529 latest new | , v20120529 latest new | , v20120529 latest new | , v20120529 latest new | 
CCSM4_r4i1p10, v20120216 latest new | ,NP, v20120216 latest new | , v20120216 latest new | , v20120216 latest new | , v20120216 latest new | , v20120216 latest new | , v20120216 latest new | 
CCSM4_r4i1p11, v20160829 latest new | ,NP, v20160829 latest new | , v20160829 latest new | , v20160829 latest new | , v20160829 latest new | , v20160829 latest new | , v20160829 latest new | 
CCSM4_r4i1p12, v20131003 latest new | ,NP, v20131003 latest new | , v20131003 latest new | , v20131003 latest new | , v20131003 latest new | , v20131003 latest new | , v20131003 latest new | 
CCSM4_r4i1p14, v20160829 latest new | ,NP, v20160829 latest new | , v20160829 latest new | , v20160829 latest new | , v20160829 latest new | , v20160829 latest new | , v20160829 latest new | 
CCSM4_r4i1p15, v20130827 latest new | ,NP, v20130827 latest new | , v20130827 latest new | , v20130827 latest new | , v20130827 latest new | , v20130827 latest new | , v20130827 latest new | 
CCSM4_r4i1p16, v20160829 latest new | ,NP, v20160829 latest new | , v20160829 latest new | , v20160829 latest new | , v20160829 latest new | , v20160829 latest new | , v20160829 latest new | 
CCSM4_r4i1p17, v20160829 latest new | ,NP, v20160829 latest new | , v20160829 latest new | , v20160829 latest new | , v20160829 latest new | , v20160829 latest new | , v20160829 latest new | 
CCSM4_r6i1p10, v20160829 latest new | ,NP, v20160829 latest new | , v20160829 latest new | , v20160829 latest new | , v20160829 latest new | , v20160829 latest new | , v20160829 latest new | 
CCSM4_r6i1p11, v20160829 latest new | ,NP, v20160829 latest new | , v20160829 latest new | , v20160829 latest new | , v20160829 latest new | , v20160829 latest new | , v20160829 latest new | 
CCSM4_r6i1p12, v20131003 latest new | ,NP, v20131003 latest new | , v20131003 latest new | , v20131003 latest new | , v20131003 latest new | , v20131003 latest new | , v20131003 latest new | 
CCSM4_r6i1p13, v20160829 latest new | ,NP, v20121031 | v20160829 latest new | , v20160829 latest new | , v20160829 latest new | , v20160829 latest new | , v20160829 latest new | , v20160829 latest new | 
CCSM4_r6i1p14, v20120705 latest new | ,NP, v20120705 latest on 2017-07-05 | , v20120705 latest on 2017-07-05 | , v20120705 latest new | , v20120705 latest new | , v20120705 latest on 2017-07-05 | , v20120705 latest new | 
CCSM4_r6i1p15, v20130827 latest new | ,NP, v20130827 latest new | , v20130827 latest new | , v20130827 latest new | , v20130827 latest new | , v20130827 latest new | , v20130827 latest new | 
CCSM4_r6i1p16, v20160829 latest new | ,NP, v20160829 latest new | , v20160829 latest new | , v20160829 latest new | , v20160829 latest new | , v20160829 latest new | , v20160829 latest new | 
CCSM4_r6i1p17, v20160829 latest new | ,NP, v20160829 latest new | , v20160829 latest new | , v20160829 latest new | , v20160829 latest new | , v20160829 latest new | , v20160829 latest new | 
CESM1-CAM5_r3i1p14,NP,NP, v20131031 | ,NP,NP,NP, v20131031 | ,NP
CNRM-CM5_r10i1p1, v20110902 latest new | , v20110902 latest new | , v20110902 latest on 2017-07-05 | , v20110902 latest new | , v20110902 latest new | , v20110902 latest new | , v20110902 latest new | , v20110902 latest new | 
CNRM-CM5_r1i1p1, v20110701 latest new | , v20110701 latest new | , v20110701 latest on 2017-07-05 | , v20110701 latest new | , v20110701 latest new | , v20110701 latest new | , v20110701 latest new | , v20110701 latest new | 
CNRM-CM5_r2i1p1, v20110902 latest new | , v20110902 latest new | , v20110902 latest on 2017-07-05 | , v20110902 latest new | , v20110902 latest new | , v20110902 latest new | , v20110902 latest new | , v20110902 latest new | 
CNRM-CM5_r3i1p1, v20110902 latest new | , v20110902 latest new | , v20110902 latest on 2017-07-05 | , v20110902 latest new | , v20110902 latest new | , v20110902 latest new | , v20110902 latest new | , v20110902 latest new | 
CNRM-CM5_r4i1p1, v20110902 latest new | , v20110902 latest new | , v20110902 latest on 2017-07-05 | , v20110902 latest new | , v20110902 latest new | , v20110902 latest new | , v20110902 latest new | , v20110902 latest new | 
CNRM-CM5_r5i1p1, v20110902 latest new | , v20110902 latest new | , v20110902 latest on 2017-07-05 | , v20110902 latest new | , v20110902 latest new | , v20110902 latest new | , v20110902 latest new | , v20110902 latest new | 
CNRM-CM5_r6i1p1, v20110902 latest new | , v20110902 latest new | , v20110902 latest on 2017-07-05 | , v20110902 latest new | , v20110902 latest new | , v20110902 latest new | , v20110902 latest new | , v20110902 latest new | 
CNRM-CM5_r7i1p1, v20110902 latest new | , v20110902 latest new | , v20110902 latest on 2017-07-05 | , v20110902 latest new | , v20110902 latest new | , v20110902 latest new | , v20110902 latest new | , v20110902 latest new | 
CNRM-CM5_r8i1p1, v20110902 latest new | , v20110902 latest new | , v20110902 latest on 2017-07-05 | , v20110902 latest new | , v20110902 latest new | , v20110902 latest new | , v20110902 latest new | , v20110902 latest new | 
CNRM-CM5_r9i1p1, v20110902 latest new | , v20110902 latest new | , v20110902 latest on 2017-07-05 | , v20110902 latest new | , v20110902 latest new | , v20110902 latest new | , v20110902 latest new | , v20110902 latest new | 
CSIRO-Mk3-6-0_r10i1p1, v20110518 | ,NP, v20110518 | , v20110518 | , v20110518 | , v20110518 | , v20110518 | , v20110518 | 
CSIRO-Mk3-6-0_r10i1p2, v20110518 | ,NP, v20110518 | , v20110518 | , v20110518 | , v20110518 | , v20110518 | , v20110518 | 
CSIRO-Mk3-6-0_r10i1p3, v20110518 | ,NP, v20110518 | , v20110518 | , v20110518 | , v20110518 | , v20110518 | , v20110518 | 
CSIRO-Mk3-6-0_r10i1p4, v20110518 | ,NP, v20110518 | , v20110518 | , v20110518 | , v20110518 | , v20110518 | , v20110518 | 
CSIRO-Mk3-6-0_r10i1p5, v20110518 | ,NP, v20110518 | , v20110518 | , v20110518 | , v20110518 | , v20110518 | , v20110518 | 
CSIRO-Mk3-6-0_r10i1p6, v20110518 | ,NP, v20110518 | , v20110518 | , v20110518 | , v20110518 | , v20110518 | , v20110518 | 
CSIRO-Mk3-6-0_r1i1p1, v20110518 | ,NP, v20110518 | , v20110518 | , v20110518 | , v20110518 | , v20110518 | , v20110518 | 
CSIRO-Mk3-6-0_r1i1p2, v20110518 | ,NP, v20110518 | , v20110518 | , v20110518 | , v20110518 | , v20110518 | , v20110518 | 
CSIRO-Mk3-6-0_r1i1p3, v20110518 | ,NP, v20110518 | , v20110518 | , v20110518 | , v20110518 | , v20110518 | , v20110518 | 
CSIRO-Mk3-6-0_r1i1p4, v20110518 | ,NP, v20110518 | , v20110518 | , v20110518 | , v20110518 | , v20110518 | , v20110518 | 
CSIRO-Mk3-6-0_r1i1p5, v20110518 | ,NP, v20110518 | , v20110518 | , v20110518 | , v20110518 | , v20110518 | , v20110518 | 
CSIRO-Mk3-6-0_r1i1p6, v20110518 | ,NP, v20110518 | , v20110518 | , v20110518 | , v20110518 | , v20110518 | , v20110518 | 
CSIRO-Mk3-6-0_r2i1p1, v20110518 | ,NP, v20110518 | , v20110518 | , v20110518 | , v20110518 | , v20110518 | , v20110518 | 
CSIRO-Mk3-6-0_r2i1p2, v20110518 | ,NP, v20110518 | , v20110518 | , v20110518 | , v20110518 | , v20110518 | , v20110518 | 
CSIRO-Mk3-6-0_r2i1p3, v20110518 | ,NP, v20110518 | , v20110518 | , v20110518 | , v20110518 | , v20110518 | , v20110518 | 
CSIRO-Mk3-6-0_r2i1p4, v20110518 | ,NP, v20110518 | , v20110518 | , v20110518 | , v20110518 | , v20110518 | , v20110518 | 
CSIRO-Mk3-6-0_r2i1p5, v20110518 | ,NP, v20110518 | , v20110518 | , v20110518 | , v20110518 | , v20110518 | , v20110518 | 
CSIRO-Mk3-6-0_r2i1p6, v20110518 | ,NP, v20110518 | , v20110518 | , v20110518 | , v20110518 | , v20110518 | , v20110518 | 
CSIRO-Mk3-6-0_r3i1p1, v20110518 | ,NP, v20110518 | , v20110518 | , v20110518 | , v20110518 | , v20110518 | , v20110518 | 
CSIRO-Mk3-6-0_r3i1p2, v20110518 | ,NP, v20110518 | , v20110518 | , v20110518 | , v20110518 | , v20110518 | , v20110518 | 
CSIRO-Mk3-6-0_r3i1p3, v20110518 | ,NP, v20110518 | , v20110518 | , v20110518 | , v20110518 | , v20110518 | , v20110518 | 
CSIRO-Mk3-6-0_r3i1p4, v20110518 | ,NP, v20110518 | , v20110518 | , v20110518 | , v20110518 | , v20110518 | , v20110518 | 
CSIRO-Mk3-6-0_r3i1p5, v20110518 | ,NP, v20110518 | , v20110518 | , v20110518 | , v20110518 | , v20110518 | , v20110518 | 
CSIRO-Mk3-6-0_r3i1p6, v20110518 | ,NP, v20110518 | , v20110518 | , v20110518 | , v20110518 | , v20110518 | , v20110518 | 
CSIRO-Mk3-6-0_r4i1p1, v20110518 | ,NP, v20110518 | , v20110518 | , v20110518 | , v20110518 | , v20110518 | , v20110518 | 
CSIRO-Mk3-6-0_r4i1p2, v20110518 | ,NP, v20110518 | , v20110518 | , v20110518 | , v20110518 | , v20110518 | , v20110518 | 
CSIRO-Mk3-6-0_r4i1p3, v20110518 | ,NP, v20110518 | , v20110518 | , v20110518 | , v20110518 | , v20110518 | , v20110518 | 
CSIRO-Mk3-6-0_r4i1p4, v20110518 | ,NP, v20110518 | , v20110518 | , v20110518 | , v20110518 | , v20110518 | , v20110518 | 
CSIRO-Mk3-6-0_r4i1p5, v20110518 | ,NP, v20110518 | , v20110518 | , v20110518 | , v20110518 | , v20110518 | , v20110518 | 
CSIRO-Mk3-6-0_r4i1p6, v20110518 | ,NP, v20110518 | , v20110518 | , v20110518 | , v20110518 | , v20110518 | , v20110518 | 
CSIRO-Mk3-6-0_r5i1p1, v20110518 | ,NP, v20110518 | , v20110518 | , v20110518 | , v20110518 | , v20110518 | , v20110518 | 
CSIRO-Mk3-6-0_r5i1p2, v20110518 | ,NP, v20110518 | , v20110518 | , v20110518 | , v20110518 | , v20110518 | , v20110518 | 
CSIRO-Mk3-6-0_r5i1p3, v20110518 | ,NP, v20110518 | , v20110518 | , v20110518 | , v20110518 | , v20110518 | , v20110518 | 
CSIRO-Mk3-6-0_r5i1p4, v20110518 | ,NP, v20110518 | , v20110518 | , v20110518 | , v20110518 | , v20110518 | , v20110518 | 
CSIRO-Mk3-6-0_r5i1p5, v20110518 | ,NP, v20110518 | , v20110518 | , v20110518 | , v20110518 | , v20110518 | , v20110518 | 
CSIRO-Mk3-6-0_r5i1p6, v20110518 | ,NP, v20110518 | , v20110518 | , v20110518 | , v20110518 | , v20110518 | , v20110518 | 
CSIRO-Mk3-6-0_r6i1p1, v20110518 | ,NP, v20110518 | , v20110518 | , v20110518 | , v20110518 | , v20110518 | , v20110518 | 
CSIRO-Mk3-6-0_r6i1p2, v20110518 | ,NP, v20110518 | , v20110518 | , v20110518 | , v20110518 | , v20110518 | , v20110518 | 
CSIRO-Mk3-6-0_r6i1p3, v20110518 | ,NP, v20110518 | , v20110518 | , v20110518 | , v20110518 | , v20110518 | , v20110518 | 
CSIRO-Mk3-6-0_r6i1p4, v20110518 | ,NP, v20110518 | , v20110518 | , v20110518 | , v20110518 | , v20110518 | , v20110518 | 
CSIRO-Mk3-6-0_r6i1p5, v20110518 | ,NP, v20110518 | , v20110518 | , v20110518 | , v20110518 | , v20110518 | , v20110518 | 
CSIRO-Mk3-6-0_r6i1p6, v20110518 | ,NP, v20110518 | , v20110518 | , v20110518 | , v20110518 | , v20110518 | , v20110518 | 
CSIRO-Mk3-6-0_r7i1p1, v20110518 | ,NP, v20110518 | , v20110518 | , v20110518 | , v20110518 | , v20110518 | , v20110518 | 
CSIRO-Mk3-6-0_r7i1p2, v20110518 | ,NP, v20110518 | , v20110518 | , v20110518 | , v20110518 | , v20110518 | , v20110518 | 
CSIRO-Mk3-6-0_r7i1p3, v20110518 | ,NP, v20110518 | , v20110518 | , v20110518 | , v20110518 | , v20110518 | , v20110518 | 
CSIRO-Mk3-6-0_r7i1p4, v20110518 | ,NP, v20110518 | , v20110518 | , v20110518 | , v20110518 | , v20110518 | , v20110518 | 
CSIRO-Mk3-6-0_r7i1p5, v20110518 | ,NP, v20110518 | , v20110518 | , v20110518 | , v20110518 | , v20110518 | , v20110518 | 
CSIRO-Mk3-6-0_r7i1p6, v20110518 | ,NP, v20110518 | , v20110518 | , v20110518 | , v20110518 | , v20110518 | , v20110518 | 
CSIRO-Mk3-6-0_r8i1p1, v20110518 | ,NP, v20110518 | , v20110518 | , v20110518 | , v20110518 | , v20110518 | , v20110518 | 
CSIRO-Mk3-6-0_r8i1p2, v20110518 | ,NP, v20110518 | , v20110518 | , v20110518 | , v20110518 | , v20110518 | , v20110518 | 
CSIRO-Mk3-6-0_r8i1p3, v20110518 | ,NP, v20110518 | , v20110518 | , v20110518 | , v20110518 | , v20110518 | , v20110518 | 
CSIRO-Mk3-6-0_r8i1p4, v20110518 | ,NP, v20110518 | , v20110518 | , v20110518 | , v20110518 | , v20110518 | , v20110518 | 
CSIRO-Mk3-6-0_r8i1p5, v20110518 | ,NP, v20110518 | , v20110518 | , v20110518 | , v20110518 | , v20110518 | , v20110518 | 
CSIRO-Mk3-6-0_r8i1p6, v20110518 | ,NP, v20110518 | , v20110518 | , v20110518 | , v20110518 | , v20110518 | , v20110518 | 
CSIRO-Mk3-6-0_r9i1p1, v20110518 | ,NP, v20110518 | , v20110518 | , v20110518 | , v20110518 | , v20110518 | , v20110518 | 
CSIRO-Mk3-6-0_r9i1p2, v20110518 | ,NP, v20110518 | , v20110518 | , v20110518 | , v20110518 | , v20110518 | , v20110518 | 
CSIRO-Mk3-6-0_r9i1p3, v20110518 | ,NP, v20110518 | , v20110518 | , v20110518 | , v20110518 | , v20110518 | , v20110518 | 
CSIRO-Mk3-6-0_r9i1p4, v20110518 | ,NP, v20110518 | , v20110518 | , v20110518 | , v20110518 | , v20110518 | , v20110518 | 
CSIRO-Mk3-6-0_r9i1p5, v20110518 | ,NP, v20110518 | , v20110518 | , v20110518 | , v20110518 | , v20110518 | , v20110518 | 
CSIRO-Mk3-6-0_r9i1p6, v20110518 | ,NP, v20110518 | , v20110518 | , v20110518 | , v20110518 | , v20110518 | , v20110518 | 
CanESM2_r1i1p2, v20130331 latest new | ,NP, v20130331 latest on 2017-07-05 | , v20130331 latest new | , v20130331 latest on 2017-07-05 | , v20130331 latest new | , v20130331 latest new | , v20130331 latest new | 
CanESM2_r1i1p3, v20130331 latest new | ,NP, v20130331 latest on 2017-07-05 | , v20130331 latest new | , v20130331 latest on 2017-07-05 | , v20130331 latest new | , v20130331 latest new | , v20130331 latest new | 
CanESM2_r1i1p4, v20130331 latest new | ,NP, v20130331 latest on 2017-07-05 | , v20130331 latest new | , v20130331 latest on 2017-07-05 | , v20130331 latest new | , v20130331 latest new | , v20130331 latest new | 
CanESM2_r2i1p2, v20130331 latest new | ,NP, v20130331 latest on 2017-07-05 | , v20130331 latest new | , v20130331 latest on 2017-07-05 | , v20130331 latest new | , v20130331 latest new | , v20130331 latest new | 
CanESM2_r2i1p3, v20130331 latest new | ,NP, v20130331 latest on 2017-07-05 | , v20130331 latest new | , v20130331 latest on 2017-07-05 | , v20130331 latest new | , v20130331 latest new | , v20130331 latest new | 
CanESM2_r2i1p4, v20130331 latest new | ,NP, v20130331 latest on 2017-07-05 | , v20130331 latest new | , v20130331 latest on 2017-07-05 | , v20130331 latest new | , v20130331 latest new | , v20130331 latest new | 
CanESM2_r3i1p2, v20130331 latest new | ,NP, v20130331 latest on 2017-07-05 | , v20130331 latest new | , v20130331 latest on 2017-07-05 | , v20130331 latest new | , v20130331 latest new | , v20130331 latest new | 
CanESM2_r3i1p3, v20130331 latest new | ,NP, v20130331 latest on 2017-07-05 | , v20130331 latest new | , v20130331 latest on 2017-07-05 | , v20130331 latest new | , v20130331 latest new | , v20130331 latest new | 
CanESM2_r3i1p4, v20130331 latest new | ,NP, v20130331 latest on 2017-07-05 | , v20130331 latest new | , v20130331 latest on 2017-07-05 | , v20130331 latest new | , v20130331 latest new | , v20130331 latest new | 
CanESM2_r4i1p2, v20130331 latest new | ,NP, v20130331 latest on 2017-07-05 | , v20130331 latest new | , v20130331 latest on 2017-07-05 | , v20130331 latest new | , v20130331 latest new | , v20130331 latest new | 
CanESM2_r4i1p3, v20130331 latest new | ,NP, v20130331 latest on 2017-07-05 | , v20130331 latest new | , v20130331 latest on 2017-07-05 | , v20130331 latest new | , v20130331 latest new | , v20130331 latest new | 
CanESM2_r4i1p4, v20130331 latest new | ,NP, v20130331 latest on 2017-07-05 | , v20130331 latest new | , v20130331 latest on 2017-07-05 | , v20130331 latest new | , v20130331 latest new | , v20130331 latest new | 
CanESM2_r5i1p2, v20130331 latest new | ,NP, v20130331 latest on 2017-07-05 | , v20130331 latest new | , v20130331 latest on 2017-07-05 | , v20130331 latest new | , v20130331 latest new | , v20130331 latest new | 
CanESM2_r5i1p3, v20130331 latest new | ,NP, v20130331 latest on 2017-07-05 | , v20130331 latest new | , v20130331 latest on 2017-07-05 | , v20130331 latest new | , v20130331 latest new | , v20130331 latest new | 
CanESM2_r5i1p4, v20130331 latest new | ,NP, v20130331 latest on 2017-07-05 | , v20130331 latest new | , v20130331 latest on 2017-07-05 | , v20130331 latest new | , v20130331 latest new | , v20130331 latest new | 
FGOALS-g2_r1i1p1,NP,NP, v1 | ,NP, v1 | ,NP, version not defined | ,NP
FGOALS-g2_r2i1p1,NP, v1 | , v1 | ,NP, v1 | ,NP,NP,NP
GFDL-CM3_r1i1p1, v20120227 latest new | , v20120227 latest new | , v20110601 | v20120227 latest new | , v20120227 latest new | , v20110601 | v20120227 latest new | , v20120227 latest new | , v20120227 latest new | , v20120227 latest new | 
GFDL-CM3_r1i1p2, v20120227 latest new | , v20120227 latest new | , v20110601 | v20120227 latest new | , v20120227 latest new | , v20110601 | v20120227 latest new | , v20120227 latest new | , v20120227 latest new | , v20120227 latest new | 
GFDL-CM3_r3i1p1, v20120227 latest new | , v20120227 latest new | , v20110601 | v20120227 latest new | , v20120227 latest new | , v20110601 | v20120227 latest new | , v20120227 latest new | , v20120227 latest new | , v20120227 latest new | 
GFDL-CM3_r3i1p2, v20120227 latest new | , v20120227 latest new | , v20110601 | v20120227 latest new | , v20120227 latest new | , v20110601 | v20120227 latest new | , v20120227 latest new | , v20120227 latest new | , v20120227 latest new | 
GFDL-CM3_r5i1p1, v20120227 latest new | , v20120227 latest new | , v20110601 | v20120227 latest new | , v20120227 latest new | , v20110601 | v20120227 latest new | , v20120227 latest new | , v20120227 latest new | , v20120227 latest new | 
GFDL-CM3_r5i1p2, v20120227 latest new | , v20120227 latest new | , v20110601 | v20120227 latest new | , v20120227 latest new | , v20110601 | v20120227 latest new | , v20120227 latest new | , v20120227 latest new | , v20120227 latest new | 
GFDL-ESM2G_r1i1p3, v20120830 latest new | , v20120830 latest new | , v20110601 | v20120830 latest new | , v20120830 latest new | , v20120830 latest new | , v20120830 latest new | , v20120830 latest new | , v20120830 latest new | 
GFDL-ESM2G_r1i1p4, v20120830 latest new | , v20120830 latest new | , v20110601 | v20120830 latest new | , v20120830 latest new | , v20120830 latest new | , v20120830 latest new | , v20120830 latest new | , v20120830 latest new | 
GFDL-ESM2M_r1i1p2, v20110601 latest new | , v20110601 latest new | , v20110601 latest new | , v20110601 latest new | , v20110601 latest on 2017-07-05 | , v20110601 latest new | , v20110601 latest new | , v20110601 latest new | 
GFDL-ESM2M_r1i1p3, v20130214 latest new | , v20130214 latest new | , v20130214 latest new | , v20130214 latest new | , v20110601 | v20130214 latest new | , v20130214 latest new | , v20130214 latest new | , v20130214 latest new | 
GFDL-ESM2M_r1i1p4, v20130214 latest new | , v20130214 latest new | , v20130214 latest new | , v20130214 latest new | , v20110601 | v20130214 latest new | , v20130214 latest new | , v20130214 latest new | , v20130214 latest new | 
GFDL-ESM2M_r1i1p5, v20130214 latest new | , v20130214 latest new | , v20130214 latest new | , v20130214 latest new | , v20110601 | v20130214 latest new | , v20130214 latest new | , v20130214 latest new | , v20130214 latest new | 
GFDL-ESM2M_r1i1p6, v20110601 latest new | , v20110601 latest new | , v20110601 latest new | , v20110601 latest new | , v20110601 latest on 2017-07-05 | , v20110601 latest new | , v20110601 latest new | , v20110601 latest new | 
GFDL-ESM2M_r1i1p7, v20130214 latest new | , v20130214 latest new | , v20130214 latest new | , v20130214 latest new | , v20110601 | v20130214 latest new | , v20130214 latest new | , v20130214 latest new | , v20130214 latest new | 
GFDL-ESM2M_r1i1p8, v20130214 latest new | , v20130214 latest new | , v20130214 latest new | , v20130214 latest new | , v20110601 | v20130214 latest new | , v20130214 latest new | , v20130214 latest new | , v20130214 latest new | 
GISS-E2-H_r1i1p1, v20160427 latest new | ,NP, v20160427 latest on 2017-07-05 | , v20160427 latest on 2017-07-05 | , v20160427 latest on 2017-07-05 | version not defined to update  | , v20160427 latest on 2017-07-05 | v20160427 latest on 2017-07-05 | , v20160427 latest new | , v20160427 latest new | 
GISS-E2-H_r1i1p101, v20160427 latest new | ,NP, v20160427 latest new | , v20160427 latest new | , v20160427 latest new | , v20160427 latest new | , v20160427 latest new | , v20160427 latest new | 
GISS-E2-H_r1i1p102, v20160427 latest new | ,NP, v20160427 latest on 2017-07-05 | , v20160427 latest new | , version not defined to update  | v20160427 latest new | , v20160427 latest on 2017-07-05 | , v20160427 latest new | , v20160427 latest new | 
GISS-E2-H_r1i1p103, v20160427 latest new | ,NP, v20160427 latest on 2017-07-05 | , v20160427 latest new | , version not defined to update  | v20160427 latest new | , v20160427 latest on 2017-07-05 | , v20160427 latest new | , v20160427 latest new | 
GISS-E2-H_r1i1p104, v20160427 latest new | ,NP, v20160427 latest on 2017-07-05 | v20130128 | , v20160427 latest new | , version not defined to update  | v20160427 latest new | , v20160427 latest on 2017-07-05 | , v20160427 latest new | , v20130128 | v20160427 latest new | 
GISS-E2-H_r1i1p105, v20160427 latest new | ,NP, v20160427 latest on 2017-07-05 | , v20160427 latest new | , version not defined to update  | v20160427 latest new | , v20160427 latest on 2017-07-05 | , v20160427 latest new | , v20160427 latest new | 
GISS-E2-H_r1i1p106, v20160427 latest new | ,NP, v20160427 latest on 2017-07-05 | , v20160427 latest new | , v20160427 latest new | , v20160427 latest on 2017-07-05 | , v20160427 latest new | , v20160427 latest new | 
GISS-E2-H_r1i1p107, v20160427 latest new | ,NP, v20160427 latest on 2017-07-05 | , v20160427 latest on 2017-07-05 | , version not defined to update  | v20160427 latest new | , v20160427 latest on 2017-07-05 | , v20160427 latest new | , v20160427 latest new | 
GISS-E2-H_r1i1p108, v20160427 latest new | ,NP, v20160427 latest on 2017-07-05 | , v20160427 latest new | , v20160427 latest new | , v20160427 latest on 2017-07-05 | , v20160427 latest new | , v20160427 latest new | 
GISS-E2-H_r1i1p109, v20160427 latest new | ,NP, v20160427 latest on 2017-07-05 | , v20160427 latest on 2017-07-05 | , v20160427 latest on 2017-07-05 | , v20160427 latest on 2017-07-05 | , v20160427 latest new | , v20160427 latest new | 
GISS-E2-H_r1i1p114, v20160427 latest new | ,NP, v20160427 latest on 2017-07-05 | , v20160427 latest new | , v20160427 latest new | , v20160427 latest on 2017-07-05 | , v20160427 latest new | , v20160427 latest new | 
GISS-E2-H_r1i1p302, v20160427 latest new | , v20160427 latest new | , v20160427 latest on 2017-07-05 | , v20160427 latest new | , version not defined to update  | v20160427 latest new | , v20160427 latest on 2017-07-05 | , v20160427 latest new | , v20160427 latest new | 
GISS-E2-H_r1i1p303, v20160427 latest new | ,NP, v20160427 latest on 2017-07-05 | , v20160427 latest new | , v20160427 latest new | , v20160427 latest on 2017-07-05 | , v20160427 latest new | , v20160427 latest new | 
GISS-E2-H_r1i1p3031, v20160712 latest new | , v20160712 latest new | , v20160712 latest new | , v20160712 latest new | , v20160712 latest new | , v20160712 latest new | , v20160712 latest new | , v20160712 latest new | 
GISS-E2-H_r1i1p309, v20130130 | v20160427 latest new | , v20160427 latest new | , v20160427 latest on 2017-07-05 | v20130130 | , v20160427 latest new | , version not defined to update  | v20160427 latest new | , v20160427 latest on 2017-07-05 | , v20160427 latest new | , v20160427 latest new | 
GISS-E2-H_r1i1p310, v20160427 latest new | , v20160427 latest new | , v20160427 latest on 2017-07-05 | , v20160427 latest new | , version not defined to update  | v20160427 latest new | , v20160427 latest on 2017-07-05 | , v20160427 latest new | , v20160427 latest new | 
GISS-E2-H_r1i1p311, v20160427 latest new | , v20160427 latest new | , v20160427 latest on 2017-07-05 | , v20160427 latest new | , version not defined to update  | v20160427 latest new | , v20160427 latest on 2017-07-05 | , v20160427 latest new | , v20160427 latest new | 
GISS-E2-H_r1i1p312, v20160427 latest new | , v20160427 latest new | , v20160427 latest on 2017-07-05 | , v20160427 latest new | , version not defined to update  | v20160427 latest new | , v20160427 latest on 2017-07-05 | , v20160427 latest new | , v20160427 latest new | 
GISS-E2-H_r1i1p313, v20160427 latest new | , v20160427 latest new | , v20160427 latest on 2017-07-05 | , v20160427 latest new | , version not defined to update  | v20160427 latest new | , v20160427 latest on 2017-07-05 | , v20160427 latest new | , v20160427 latest new | 
GISS-E2-H_r1i1p317, v20160720 latest new | , v20160720 latest new | , v20160720 latest new | , v20160720 latest new | , v20160720 latest new | , v20160720 latest new | , v20160720 latest new | , v20160720 latest new | 
GISS-E2-H_r2i1p1, v20160427 latest new | ,NP, v20160427 latest on 2017-07-05 | , v20160427 latest on 2017-07-05 | , v20160427 latest on 2017-07-05 | , v20160427 latest on 2017-07-05 | , v20160427 latest new | , v20160427 latest new | 
GISS-E2-H_r2i1p101, v20160427 latest new | ,NP, v20160427 latest new | , v20160427 latest new | , v20160427 latest new | , v20160427 latest new | , v20160427 latest new | , v20160427 latest new | 
GISS-E2-H_r2i1p102, v20160427 latest new | ,NP, v20160427 latest on 2017-07-05 | , v20160427 latest new | , version not defined to update  | v20160427 latest new | , v20160427 latest on 2017-07-05 | , v20160427 latest new | , v20160427 latest new | 
GISS-E2-H_r2i1p103, v20160427 latest new | ,NP, v20160427 latest on 2017-07-05 | , v20160427 latest new | , version not defined to update  | v20160427 latest new | , v20160427 latest on 2017-07-05 | , v20160427 latest new | , v20160427 latest new | 
GISS-E2-H_r2i1p104, v20160427 latest new | ,NP, v20160427 latest on 2017-07-05 | , v20160427 latest new | , version not defined to update  | v20130128 | v20160427 latest new | , v20160427 latest on 2017-07-05 | , v20160427 latest new | , v20160427 latest new | 
GISS-E2-H_r2i1p105, v20160427 latest new | ,NP, v20160427 latest on 2017-07-05 | , v20160427 latest new | , version not defined to update  | v20160427 latest new | , v20160427 latest on 2017-07-05 | , v20160427 latest new | , v20160427 latest new | 
GISS-E2-H_r2i1p106, v20160427 latest new | ,NP, v20160427 latest on 2017-07-05 | , v20160427 latest new | , v20160427 latest new | , v20160427 latest on 2017-07-05 | , v20160427 latest new | , v20160427 latest new | 
GISS-E2-H_r2i1p107, v20160427 latest new | ,NP, v20160427 latest on 2017-07-05 | v20121211 | , v20160427 latest new | , version not defined to update  | v20160427 latest new | , v20160427 latest on 2017-07-05 | , v20160427 latest new | , v20160427 latest new | 
GISS-E2-H_r2i1p108, v20160427 latest new | ,NP, v20160427 latest on 2017-07-05 | , v20160427 latest new | , v20160427 latest new | , v20160427 latest on 2017-07-05 | , v20160427 latest new | , v20160427 latest new | 
GISS-E2-H_r2i1p109, v20160427 latest new | ,NP, v20160427 latest on 2017-07-05 | , v20160427 latest on 2017-07-05 | , v20160427 latest on 2017-07-05 | , v20160427 latest on 2017-07-05 | , v20160427 latest new | , v20160427 latest new | 
GISS-E2-H_r2i1p114, v20160427 latest new | ,NP, v20160427 latest on 2017-07-05 | , v20160427 latest new | , v20160427 latest new | , v20160427 latest on 2017-07-05 | , v20160427 latest new | , v20160427 latest new | 
GISS-E2-H_r2i1p302, v20160427 latest new | , v20160427 latest new | , v20160427 latest on 2017-07-05 | , v20160427 latest new | , version not defined to update  | v20160427 latest new | , v20160427 latest on 2017-07-05 | , v20160427 latest new | , v20160427 latest new | 
GISS-E2-H_r2i1p303, v20160427 latest new | ,NP, v20160427 latest on 2017-07-05 | , v20160427 latest new | , v20160427 latest new | , v20160427 latest on 2017-07-05 | , v20160427 latest new | , v20160427 latest new | 
GISS-E2-H_r2i1p3031, v20160713 latest new | , v20160713 latest new | , v20160713 latest new | , v20160713 latest new | , v20160713 latest new | , v20160713 latest new | , v20160713 latest new | , v20160713 latest new | 
GISS-E2-H_r2i1p309, v20130130 | v20160427 latest new | , v20160427 latest new | , v20160427 latest on 2017-07-05 | , v20130130 | v20160427 latest new | , version not defined to update  | v20130130 | v20160427 latest new | , v20160427 latest on 2017-07-05 | , v20160427 latest new | , v20160427 latest new | 
GISS-E2-H_r2i1p310, v20160427 latest new | , v20160427 latest new | , v20160427 latest on 2017-07-05 | , v20160427 latest new | , version not defined to update  | v20160427 latest new | , v20160427 latest on 2017-07-05 | , v20160427 latest new | , v20160427 latest new | 
GISS-E2-H_r2i1p311, v20160427 latest new | , v20160427 latest new | , v20160427 latest on 2017-07-05 | , v20160427 latest new | , version not defined to update  | v20160427 latest new | , v20160427 latest on 2017-07-05 | , v20160427 latest new | , v20160427 latest new | 
GISS-E2-H_r2i1p312, v20160427 latest new | , v20160427 latest new | , v20160427 latest on 2017-07-05 | , v20160427 latest new | , version not defined to update  | v20160427 latest new | , v20160427 latest on 2017-07-05 | , v20160427 latest new | , v20160427 latest new | 
GISS-E2-H_r2i1p313, v20160427 latest new | , v20160427 latest new | , v20160427 latest on 2017-07-05 | , v20160427 latest new | , version not defined to update  | v20160427 latest new | , v20160427 latest on 2017-07-05 | , v20160427 latest new | , v20160427 latest new | 
GISS-E2-H_r2i1p317, v20160721 latest new | , v20160721 latest new | , v20160721 latest new | , v20160721 latest new | , v20160721 latest new | , v20160721 latest new | , v20160721 latest new | , v20160721 latest new | 
GISS-E2-H_r3i1p1, v20160427 latest new | ,NP, v20160427 latest on 2017-07-05 | , v20160427 latest on 2017-07-05 | , v20160427 latest on 2017-07-05 | , v20160427 latest on 2017-07-05 | , v20160427 latest new | , v20160427 latest new | 
GISS-E2-H_r3i1p101, v20160427 latest new | ,NP, v20160427 latest new | , v20160427 latest new | , v20160427 latest new | , v20160427 latest new | , v20160427 latest new | , v20160427 latest new | 
GISS-E2-H_r3i1p102, v20160427 latest new | ,NP, v20160427 latest on 2017-07-05 | , v20160427 latest new | , version not defined to update  | v20160427 latest new | , v20160427 latest on 2017-07-05 | , v20160427 latest new | , v20160427 latest new | 
GISS-E2-H_r3i1p103, v20160427 latest new | ,NP, v20160427 latest on 2017-07-05 | , v20160427 latest new | , version not defined to update  | v20160427 latest new | , v20160427 latest on 2017-07-05 | , v20160427 latest new | , v20160427 latest new | 
GISS-E2-H_r3i1p104, v20160427 latest new | ,NP, v20160427 latest on 2017-07-05 | , v20160427 latest new | , version not defined to update  | v20160427 latest new | , v20160427 latest on 2017-07-05 | , v20160427 latest new | , v20160427 latest new | 
GISS-E2-H_r3i1p105, v20160427 latest new | ,NP, v20160427 latest on 2017-07-05 | , v20160427 latest new | , version not defined to update  | v20160427 latest new | , v20160427 latest on 2017-07-05 | , v20160427 latest new | , v20160427 latest new | 
GISS-E2-H_r3i1p106, v20160427 latest new | ,NP, v20160427 latest on 2017-07-05 | , v20160427 latest new | , v20160427 latest new | , v20160427 latest on 2017-07-05 | , v20160427 latest new | , v20160427 latest new | 
GISS-E2-H_r3i1p107, v20160427 latest new | ,NP, v20160427 latest on 2017-07-05 | , v20121211 | v20160427 latest new | , version not defined to update  | v20160427 latest new | , v20160427 latest on 2017-07-05 | , v20160427 latest new | , v20160427 latest new | 
GISS-E2-H_r3i1p108, v20160427 latest new | ,NP, v20160427 latest on 2017-07-05 | , v20160427 latest new | , v20160427 latest new | , v20160427 latest on 2017-07-05 | , v20160427 latest new | , v20160427 latest new | 
GISS-E2-H_r3i1p109, v20160427 latest new | ,NP, v20160427 latest on 2017-07-05 | version not defined to update  | , v20160427 latest on 2017-07-05 | , v20160427 latest on 2017-07-05 | , v20160427 latest on 2017-07-05 | , v20160427 latest new | , v20160427 latest new | 
GISS-E2-H_r3i1p114, v20160427 latest new | ,NP, v20160427 latest on 2017-07-05 | , v20160427 latest new | , v20160427 latest new | , v20160427 latest on 2017-07-05 | , v20160427 latest new | , v20160427 latest new | 
GISS-E2-H_r3i1p302, v20160427 latest new | , v20160427 latest new | , v20160427 latest on 2017-07-05 | , v20160427 latest new | , version not defined to update  | v20160427 latest new | , v20160427 latest on 2017-07-05 | , v20160427 latest new | , v20160427 latest new | 
GISS-E2-H_r3i1p303, v20160427 latest new | ,NP, v20160427 latest on 2017-07-05 | , v20160427 latest new | , v20160427 latest new | , v20160427 latest on 2017-07-05 | , v20160427 latest new | , v20160427 latest new | 
GISS-E2-H_r3i1p3031, v20160714 latest new | , v20160714 latest new | , v20160714 latest new | , v20160714 latest new | , v20160714 latest new | , v20160714 latest new | , v20160714 latest new | , v20160714 latest new | 
GISS-E2-H_r3i1p309, v20130130 | v20160427 latest new | , v20160427 latest new | , v20160427 latest on 2017-07-05 | , v20160427 latest new | , version not defined to update  | v20160427 latest new | , v20160427 latest on 2017-07-05 | , v20160427 latest new | , v20160427 latest new | 
GISS-E2-H_r3i1p310, v20160427 latest new | , v20160427 latest new | , v20160427 latest on 2017-07-05 | , v20160427 latest new | , version not defined to update  | v20160427 latest new | , v20160427 latest on 2017-07-05 | , v20160427 latest new | , v20160427 latest new | 
GISS-E2-H_r3i1p311, v20160427 latest new | , v20160427 latest new | , v20160427 latest on 2017-07-05 | , v20160427 latest new | , version not defined to update  | v20160427 latest new | , v20160427 latest on 2017-07-05 | , v20160427 latest new | , v20160427 latest new | 
GISS-E2-H_r3i1p312, v20160427 latest new | , v20160427 latest new | , v20160427 latest on 2017-07-05 | , v20160427 latest new | , version not defined to update  | v20160427 latest new | , v20160427 latest on 2017-07-05 | , v20160427 latest new | , v20160427 latest new | 
GISS-E2-H_r3i1p313, v20160427 latest new | , v20160427 latest new | , v20160427 latest on 2017-07-05 | , v20160427 latest new | , version not defined to update  | v20160427 latest new | , v20160427 latest on 2017-07-05 | , v20160427 latest new | , v20160427 latest new | 
GISS-E2-H_r3i1p317, v20160722 latest new | , v20160722 latest new | , v20160722 latest new | , v20160722 latest new | , v20160722 latest new | , v20160722 latest new | , v20160722 latest new | , v20160722 latest new | 
GISS-E2-H_r4i1p1, v20160427 latest new | ,NP, v20160427 latest on 2017-07-05 | , v20160427 latest on 2017-07-05 | , v20160427 latest on 2017-07-05 | , v20160427 latest on 2017-07-05 | , v20160427 latest new | , v20160427 latest new | 
GISS-E2-H_r4i1p101, v20160427 latest new | ,NP, v20160427 latest new | , v20160427 latest new | , v20160427 latest new | , v20160427 latest new | , v20160427 latest new | , v20160427 latest new | 
GISS-E2-H_r4i1p102, v20160427 latest new | ,NP, v20160427 latest on 2017-07-05 | , v20160427 latest new | , version not defined to update  | v20160427 latest new | , v20160427 latest on 2017-07-05 | , v20160427 latest new | , v20160427 latest new | 
GISS-E2-H_r4i1p103, v20160427 latest new | ,NP, v20160427 latest on 2017-07-05 | , v20160427 latest new | , version not defined to update  | v20160427 latest new | , v20160427 latest on 2017-07-05 | , v20160427 latest new | , v20160427 latest new | 
GISS-E2-H_r4i1p104, v20160427 latest new | ,NP, v20160427 latest on 2017-07-05 | , v20160427 latest new | , version not defined to update  | v20160427 latest new | , v20160427 latest on 2017-07-05 | , v20160427 latest new | , v20160427 latest new | 
GISS-E2-H_r4i1p105, v20160427 latest new | ,NP, v20160427 latest on 2017-07-05 | , v20160427 latest new | , version not defined to update  | v20160427 latest new | , v20160427 latest on 2017-07-05 | , v20160427 latest new | , v20160427 latest new | 
GISS-E2-H_r4i1p106, v20160427 latest new | ,NP, v20160427 latest on 2017-07-05 | , v20160427 latest new | , v20160427 latest new | , v20160427 latest on 2017-07-05 | , v20160427 latest new | , v20160427 latest new | 
GISS-E2-H_r4i1p107, v20160427 latest new | ,NP, v20160427 latest on 2017-07-05 | , v20160427 latest new | , version not defined to update  | v20160427 latest new | , v20160427 latest on 2017-07-05 | , v20121211 | v20160427 latest new | , v20160427 latest new | 
GISS-E2-H_r4i1p108, v20160427 latest new | ,NP, v20160427 latest on 2017-07-05 | , v20160427 latest new | , v20160427 latest new | , v20160427 latest on 2017-07-05 | , v20160427 latest new | , v20160427 latest new | 
GISS-E2-H_r4i1p109, v20160427 latest new | ,NP, v20160427 latest on 2017-07-05 | , v20160427 latest on 2017-07-05 | , v20160427 latest on 2017-07-05 | version not defined to update  | , v20160427 latest on 2017-07-05 | , v20160427 latest new | , v20160427 latest new | 
GISS-E2-H_r4i1p114, v20160427 latest new | ,NP, v20160427 latest on 2017-07-05 | , v20160427 latest new | , v20160427 latest new | , v20160427 latest on 2017-07-05 | , v20160427 latest new | , v20160427 latest new | 
GISS-E2-H_r4i1p302, v20160427 latest new | , v20160427 latest new | , v20160427 latest on 2017-07-05 | , v20160427 latest new | , version not defined to update  | v20160427 latest new | , v20160427 latest on 2017-07-05 | , v20160427 latest new | , v20160427 latest new | 
GISS-E2-H_r4i1p303, v20160427 latest new | ,NP, v20160427 latest on 2017-07-05 | , v20160427 latest new | , v20160427 latest new | , v20160427 latest on 2017-07-05 | , v20160427 latest new | , v20160427 latest new | 
GISS-E2-H_r4i1p3031, v20160715 latest new | , v20160715 latest new | , v20160715 latest new | , v20160715 latest new | , v20160715 latest new | , v20160715 latest new | , v20160715 latest new | , v20160715 latest new | 
GISS-E2-H_r4i1p309, v20160427 latest new | , v20160427 latest new | , v20160427 latest on 2017-07-05 | , v20130130 | v20160427 latest new | , version not defined to update  | v20160427 latest new | , v20160427 latest on 2017-07-05 | , v20160427 latest new | , v20160427 latest new | 
GISS-E2-H_r4i1p310, v20160427 latest new | , v20160427 latest new | , v20160427 latest on 2017-07-05 | , v20160427 latest new | , version not defined to update  | v20160427 latest new | , v20160427 latest on 2017-07-05 | , v20160427 latest new | , v20160427 latest new | 
GISS-E2-H_r4i1p311, v20160427 latest new | , v20160427 latest new | , v20160427 latest on 2017-07-05 | , v20160427 latest new | , version not defined to update  | v20160427 latest new | , v20160427 latest on 2017-07-05 | , v20160427 latest new | , v20160427 latest new | 
GISS-E2-H_r4i1p312, v20160427 latest new | , v20160427 latest new | , v20160427 latest on 2017-07-05 | , v20160427 latest new | , version not defined to update  | v20160427 latest new | , v20160427 latest on 2017-07-05 | , v20160427 latest new | , v20160427 latest new | 
GISS-E2-H_r4i1p313, v20160427 latest new | , v20160427 latest new | , v20160427 latest on 2017-07-05 | , v20160427 latest new | , version not defined to update  | v20160427 latest new | , v20160427 latest on 2017-07-05 | , v20160427 latest new | , v20160427 latest new | 
GISS-E2-H_r4i1p317, v20160725 latest new | , v20160725 latest new | , v20160725 latest new | , v20160725 latest new | , v20160725 latest new | , v20160725 latest new | , v20160725 latest new | , v20160725 latest new | 
GISS-E2-H_r5i1p1, v20160427 latest new | ,NP, v20160427 latest on 2017-07-05 | , v20160427 latest on 2017-07-05 | , v20160427 latest on 2017-07-05 | , v20160427 latest on 2017-07-05 | v20160427 latest on 2017-07-05 | , v20160427 latest new | , v20160427 latest new | 
GISS-E2-H_r5i1p101, v20160427 latest new | ,NP, v20160427 latest new | , v20160427 latest new | , v20160427 latest new | , v20160427 latest new | , v20160427 latest new | , v20160427 latest new | 
GISS-E2-H_r5i1p102, v20160427 latest new | ,NP, v20160427 latest on 2017-07-05 | , v20160427 latest new | , version not defined to update  | v20160427 latest new | , v20160427 latest on 2017-07-05 | , v20160427 latest new | , v20160427 latest new | 
GISS-E2-H_r5i1p103, v20160427 latest new | ,NP, v20160427 latest on 2017-07-05 | , v20160427 latest new | , version not defined to update  | v20160427 latest new | , v20160427 latest on 2017-07-05 | , v20160427 latest new | , v20160427 latest new | 
GISS-E2-H_r5i1p104, v20160427 latest new | ,NP, v20160427 latest on 2017-07-05 | , v20160427 latest new | , version not defined to update  | v20160427 latest new | , v20160427 latest on 2017-07-05 | v20130128 | , v20160427 latest new | , v20160427 latest new | 
GISS-E2-H_r5i1p105, v20160427 latest new | ,NP, v20160427 latest on 2017-07-05 | , v20160427 latest new | , version not defined to update  | v20160427 latest new | , v20160427 latest on 2017-07-05 | , v20160427 latest new | , v20160427 latest new | 
GISS-E2-H_r5i1p106, v20160427 latest new | ,NP, v20160427 latest on 2017-07-05 | , v20160427 latest new | , v20160427 latest new | , v20160427 latest on 2017-07-05 | , v20160427 latest new | , v20160427 latest new | 
GISS-E2-H_r5i1p107, v20160427 latest new | ,NP, v20160427 latest on 2017-07-05 | , v20160427 latest new | , version not defined to update  | v20160427 latest new | , v20160427 latest on 2017-07-05 | , v20160427 latest new | , v20160427 latest new | 
GISS-E2-H_r5i1p108, v20160427 latest new | ,NP, v20160427 latest on 2017-07-05 | , v20160427 latest new | , v20160427 latest new | , v20160427 latest on 2017-07-05 | , v20160427 latest new | , v20160427 latest new | 
GISS-E2-H_r5i1p109, v20160427 latest new | ,NP, v20160427 latest on 2017-07-05 | , v20160427 latest on 2017-07-05 | , version not defined to update  | version not defined to update  | v20160427 latest new | , v20160427 latest on 2017-07-05 | , version not defined to update  | v20160427 latest new | , v20160427 latest new | 
GISS-E2-H_r5i1p114, v20160427 latest new | ,NP, v20160427 latest on 2017-07-05 | , v20160427 latest new | , v20160427 latest new | , v20160427 latest on 2017-07-05 | , v20160427 latest new | , v20160427 latest new | 
GISS-E2-H_r5i1p302, v20160427 latest new | , v20160427 latest new | , v20160427 latest on 2017-07-05 | , v20160427 latest new | , version not defined to update  | v20160427 latest new | , v20160427 latest on 2017-07-05 | , v20160427 latest new | , v20160427 latest new | 
GISS-E2-H_r5i1p303, v20160427 latest new | ,NP, v20160427 latest on 2017-07-05 | , v20160427 latest new | , v20160427 latest new | , v20160427 latest on 2017-07-05 | , v20160427 latest new | , v20160427 latest new | 
GISS-E2-H_r5i1p3031, v20160718 latest new | , v20160718 latest new | , v20160718 latest new | , v20160718 latest new | , v20160718 latest new | , v20160718 latest new | , v20160718 latest new | , v20160718 latest new | 
GISS-E2-H_r5i1p309, v20160427 latest new | , v20130130 | v20160427 latest new | , v20160427 latest on 2017-07-05 | , v20160427 latest new | , version not defined to update  | v20160427 latest new | , v20160427 latest on 2017-07-05 | , v20160427 latest new | , v20160427 latest new | 
GISS-E2-H_r5i1p310, v20160427 latest new | , v20160427 latest new | , v20160427 latest on 2017-07-05 | , v20160427 latest new | , version not defined to update  | v20160427 latest new | , v20160427 latest on 2017-07-05 | , v20160427 latest new | , v20160427 latest new | 
GISS-E2-H_r5i1p311, v20160427 latest new | , v20160427 latest new | , v20160427 latest on 2017-07-05 | , v20160427 latest new | , version not defined to update  | v20160427 latest new | , v20160427 latest on 2017-07-05 | , v20160427 latest new | , v20160427 latest new | 
GISS-E2-H_r5i1p312, v20160427 latest new | , v20160427 latest new | , v20160427 latest on 2017-07-05 | , v20160427 latest new | , version not defined to update  | v20160427 latest new | , v20160427 latest on 2017-07-05 | , v20160427 latest new | , v20160427 latest new | 
GISS-E2-H_r5i1p313, v20160427 latest new | , v20160427 latest new | , v20160427 latest on 2017-07-05 | , v20160427 latest new | , version not defined to update  | v20160427 latest new | , v20160427 latest on 2017-07-05 | , v20160427 latest new | , v20160427 latest new | 
GISS-E2-H_r5i1p317, v20160726 latest new | , v20160726 latest new | , v20160726 latest new | , v20160726 latest new | , v20160726 latest new | , v20160726 latest new | , v20160726 latest new | , v20160726 latest new | 
GISS-E2-R_r1i1p1, v20160503 latest new | ,NP, v20160503 latest on 2017-07-05 | , v20160503 latest on 2017-07-05 | , v20160503 latest new | , v20160503 latest on 2017-07-05 | v20120518 | , v20160503 latest new | , v20120518 | v20160503 latest new | 
GISS-E2-R_r1i1p101, v20160503 latest new | ,NP, v20160503 latest new | , v20160503 latest new | , v20160503 latest new | , v20160503 latest new | , v20160503 latest new | , v20160503 latest new | 
GISS-E2-R_r1i1p102, v20160503 latest new | ,NP, v20160503 latest on 2017-07-05 | , v20160503 latest on 2017-07-05 | , v20160503 latest new | , v20160503 latest on 2017-07-05 | , v20160503 latest new | , v20160503 latest new | 
GISS-E2-R_r1i1p103, v20160503 latest new | ,NP, v20160503 latest on 2017-07-05 | , v20160503 latest new | , v20160503 latest new | , v20160503 latest on 2017-07-05 | , v20160503 latest new | , v20160503 latest new | 
GISS-E2-R_r1i1p104, v20160503 latest new | ,NP, v20160503 latest on 2017-07-05 | , v20160503 latest on 2017-07-05 | , v20160503 latest new | , v20160503 latest on 2017-07-05 | , v20160503 latest new | , v20160503 latest new | 
GISS-E2-R_r1i1p105, v20160503 latest new | ,NP, v20160503 latest on 2017-07-05 | , v20160503 latest on 2017-07-05 | , v20160503 latest new | , v20160503 latest on 2017-07-05 | , v20160503 latest new | , v20160503 latest new | 
GISS-E2-R_r1i1p106, v20160503 latest new | ,NP, v20160503 latest on 2017-07-05 | , v20160503 latest new | , v20160503 latest new | , v20160503 latest on 2017-07-05 | , v20160503 latest new | , v20160503 latest new | 
GISS-E2-R_r1i1p107, v20160503 latest new | ,NP, v20160503 latest on 2017-07-05 | , v20160503 latest on 2017-07-05 | , v20160503 latest new | , v20160503 latest on 2017-07-05 | , v20160503 latest new | , v20160503 latest new | 
GISS-E2-R_r1i1p108, v20160503 latest new | ,NP, v20160503 latest on 2017-07-05 | , v20160503 latest new | , v20160503 latest new | , v20160503 latest on 2017-07-05 | , v20160503 latest new | , v20160503 latest new | 
GISS-E2-R_r1i1p109, v20160503 latest new | ,NP, v20160503 latest on 2017-07-05 | , v20160503 latest on 2017-07-05 | , v20160503 latest new | , v20160503 latest on 2017-07-05 | , version not defined to update  | v20160503 latest new | , v20160503 latest new | 
GISS-E2-R_r1i1p114, v20160503 latest new | ,NP, v20160503 latest on 2017-07-05 | , v20160503 latest new | , v20160503 latest new | , v20160503 latest on 2017-07-05 | , v20160503 latest new | , v20160503 latest new | 
GISS-E2-R_r1i1p122, v20160503 latest new | ,NP, v20160503 latest on 2017-07-05 | , v20160503 latest new | , v20160503 latest new | , v20160503 latest on 2017-07-05 | , v20160503 latest new | , v20160503 latest new | 
GISS-E2-R_r1i1p1221, v20160503 latest new | ,NP, v20160503 latest on 2017-07-05 | , v20160503 latest new | , v20160503 latest new | , v20160503 latest on 2017-07-05 | , v20160503 latest new | , v20160503 latest new | 
GISS-E2-R_r1i1p3001, v20160503 latest new | , v20160503 latest new | , v20160503 latest on 2017-07-05 | , v20160503 latest new | , v20160503 latest new | , v20160503 latest on 2017-07-05 | , v20160503 latest new | , v20160503 latest new | 
GISS-E2-R_r1i1p302, v20160503 latest new | , v20160503 latest new | , v20160503 latest on 2017-07-05 | , v20160503 latest new | , v20160503 latest new | , v20160503 latest on 2017-07-05 | , v20130103 | v20160503 latest new | , v20160503 latest new | 
GISS-E2-R_r1i1p303, v20160503 latest new | , v20160503 latest new | , v20160503 latest on 2017-07-05 | , v20160503 latest new | , v20160503 latest new | , v20160503 latest on 2017-07-05 | , v20160503 latest new | , v20160503 latest new | 
GISS-E2-R_r1i1p3031, v20160503 latest new | , v20160503 latest new | , v20160503 latest new | , v20160503 latest new | , v20160503 latest new | , v20160503 latest new | , v20160503 latest new | , v20160503 latest new | 
GISS-E2-R_r1i1p309, v20160503 latest new | , v20160503 latest new | , v20160503 latest on 2017-07-05 | , v20160503 latest on 2017-07-05 | , v20160503 latest new | , v20160503 latest on 2017-07-05 | v20120620 | , v20160503 latest new | , v20160503 latest new | 
GISS-E2-R_r1i1p310, v20130107 | v20160503 latest new | , v20160503 latest new | , v20160503 latest on 2017-07-05 | , v20160503 latest new | , v20160503 latest new | , v20160503 latest on 2017-07-05 | , v20130107 | v20160503 latest new | , v20160503 latest new | 
GISS-E2-R_r1i1p311, v20160503 latest new | , v20160503 latest new | , v20160503 latest on 2017-07-05 | , v20160503 latest new | , v20160503 latest new | , v20160503 latest on 2017-07-05 | , v20160503 latest new | , v20160503 latest new | 
GISS-E2-R_r1i1p312, v20160503 latest new | , v20160503 latest new | , v20160503 latest on 2017-07-05 | , v20130114 | v20160503 latest new | , v20160503 latest new | , v20160503 latest on 2017-07-05 | , v20160503 latest new | , v20160503 latest new | 
GISS-E2-R_r1i1p313, v20130122 | v20160503 latest new | , v20160503 latest new | , v20160503 latest on 2017-07-05 | v20130122 | , v20160503 latest new | , v20160503 latest new | , v20160503 latest on 2017-07-05 | , v20130122 | v20160503 latest new | , v20160503 latest new | 
GISS-E2-R_r1i1p315, v20160503 latest new | , v20160503 latest new | , v20160503 latest on 2017-07-05 | , v20160503 latest new | , v20160503 latest new | , v20160503 latest on 2017-07-05 | , v20160503 latest new | , v20160503 latest new | 
GISS-E2-R_r1i1p316, v20160503 latest new | , v20160503 latest new | , v20160503 latest on 2017-07-05 | , v20160503 latest new | , v20160503 latest new | , v20160503 latest on 2017-07-05 | , v20160503 latest new | , v20160503 latest new | 
GISS-E2-R_r1i1p317, v20160503 latest new | , v20160503 latest new | , v20160503 latest new | , v20160503 latest new | , v20160503 latest new | , v20160503 latest new | , v20160503 latest new | , v20160503 latest new | 
GISS-E2-R_r2i1p1, v20160503 latest new | ,NP, v20160503 latest on 2017-07-05 | , v20160503 latest on 2017-07-05 | , v20160503 latest new | , v20160503 latest on 2017-07-05 | , v20120518 | v20160503 latest new | , v20160503 latest new | 
GISS-E2-R_r2i1p101, v20160503 latest new | ,NP, v20160503 latest new | , v20160503 latest new | , v20160503 latest new | , v20160503 latest new | , v20160503 latest new | , v20160503 latest new | 
GISS-E2-R_r2i1p102, v20160503 latest new | ,NP, v20160503 latest on 2017-07-05 | , v20160503 latest on 2017-07-05 | , v20160503 latest new | , v20160503 latest on 2017-07-05 | , v20160503 latest new | , v20160503 latest new | 
GISS-E2-R_r2i1p103, v20160503 latest new | ,NP, v20160503 latest on 2017-07-05 | , v20160503 latest new | , v20160503 latest new | , v20160503 latest on 2017-07-05 | , v20160503 latest new | , v20160503 latest new | 
GISS-E2-R_r2i1p104, v20160503 latest new | ,NP, v20160503 latest on 2017-07-05 | , v20160503 latest on 2017-07-05 | , v20160503 latest new | , v20160503 latest on 2017-07-05 | , v20160503 latest new | , v20160503 latest new | 
GISS-E2-R_r2i1p105, v20160503 latest new | ,NP, v20160503 latest on 2017-07-05 | , v20160503 latest on 2017-07-05 | , v20160503 latest new | , v20160503 latest on 2017-07-05 | , v20160503 latest new | , v20160503 latest new | 
GISS-E2-R_r2i1p106, v20160503 latest new | ,NP, v20160503 latest on 2017-07-05 | , v20160503 latest new | , v20160503 latest new | , v20160503 latest on 2017-07-05 | , v20160503 latest new | , v20160503 latest new | 
GISS-E2-R_r2i1p107, v20160503 latest new | ,NP, v20160503 latest on 2017-07-05 | , v20160503 latest on 2017-07-05 | , v20160503 latest new | , v20160503 latest on 2017-07-05 | , v20160503 latest new | , v20160503 latest new | 
GISS-E2-R_r2i1p108, v20160503 latest new | ,NP, v20160503 latest on 2017-07-05 | , v20160503 latest new | , v20160503 latest new | , v20160503 latest on 2017-07-05 | , v20160503 latest new | , v20160503 latest new | 
GISS-E2-R_r2i1p109, v20160503 latest new | ,NP, v20160503 latest on 2017-07-05 | , v20160503 latest on 2017-07-05 | , v20160503 latest new | , v20160503 latest on 2017-07-05 | , v20160503 latest new | , version not defined to update  | v20160503 latest new | 
GISS-E2-R_r2i1p114, v20160503 latest new | ,NP, v20160503 latest on 2017-07-05 | , v20160503 latest new | , v20160503 latest new | , v20160503 latest on 2017-07-05 | , v20160503 latest new | , v20160503 latest new | 
GISS-E2-R_r2i1p3001, v20160503 latest new | , v20160503 latest new | , v20160503 latest on 2017-07-05 | , v20160503 latest new | , v20160503 latest new | , v20160503 latest on 2017-07-05 | , v20160503 latest new | , v20160503 latest new | 
GISS-E2-R_r2i1p302, v20160503 latest new | , v20160503 latest new | , v20160503 latest on 2017-07-05 | v20130103 | , v20160503 latest new | , v20160503 latest new | , v20160503 latest on 2017-07-05 | , v20160503 latest new | , v20160503 latest new | 
GISS-E2-R_r2i1p303, v20160503 latest new | , v20160503 latest new | , v20160503 latest on 2017-07-05 | , v20160503 latest new | , v20160503 latest new | , v20160503 latest on 2017-07-05 | , v20160503 latest new | , v20160503 latest new | 
GISS-E2-R_r2i1p3031, v20160503 latest new | , v20160503 latest new | , v20160503 latest new | , v20160503 latest new | , v20160503 latest new | , v20160503 latest new | , v20160503 latest new | , v20160503 latest new | 
GISS-E2-R_r2i1p309, v20160504 latest new | , v20120622 | v20160504 latest new | , v20160504 latest on 2017-07-05 | , v20160504 latest on 2017-07-05 | v20120622 | , v20160504 latest new | , v20160504 latest on 2017-07-05 | , v20160504 latest new | , v20160504 latest new | 
GISS-E2-R_r2i1p310, v20160504 latest new | , v20130107 | v20160504 latest new | , v20160504 latest on 2017-07-05 | , v20130107 | v20160504 latest new | , v20160504 latest new | , v20160504 latest on 2017-07-05 | , v20160504 latest new | , v20160504 latest new | 
GISS-E2-R_r2i1p311, v20160504 latest new | , v20160504 latest new | , v20160504 latest on 2017-07-05 | , v20130109 | v20160504 latest new | , v20160504 latest new | , v20160504 latest on 2017-07-05 | , v20160504 latest new | , v20160504 latest new | 
GISS-E2-R_r2i1p312, v20160504 latest new | , v20160504 latest new | , v20160504 latest on 2017-07-05 | , v20130114 | v20160504 latest new | , v20160504 latest new | , v20160504 latest on 2017-07-05 | , v20160504 latest new | , v20160504 latest new | 
GISS-E2-R_r2i1p313, v20160504 latest new | , v20160504 latest new | , v20160504 latest on 2017-07-05 | , v20130122 | v20160504 latest new | , v20160504 latest new | , v20160504 latest on 2017-07-05 | , v20160504 latest new | , v20160504 latest new | 
GISS-E2-R_r2i1p315, v20160504 latest new | , v20160504 latest new | , v20160504 latest on 2017-07-05 | , v20160504 latest new | , v20160504 latest new | , v20160504 latest on 2017-07-05 | , v20160504 latest new | , v20160504 latest new | 
GISS-E2-R_r2i1p316, v20160504 latest new | , v20160504 latest new | , v20160504 latest on 2017-07-05 | , v20160504 latest new | , v20160504 latest new | , v20160504 latest on 2017-07-05 | , v20160504 latest new | , v20160504 latest new | 
GISS-E2-R_r2i1p317, v20160629 latest new | , v20160629 latest new | , v20160629 latest new | , v20160629 latest new | , v20160629 latest new | , v20160629 latest new | , v20160629 latest new | , v20160629 latest new | 
GISS-E2-R_r3i1p1, v20160504 latest new | ,NP, v20160504 latest on 2017-07-05 | , v20160504 latest on 2017-07-05 | v20120518 | , v20120518 | v20160504 latest new | , v20160504 latest on 2017-07-05 | , v20160504 latest new | , v20160504 latest new | 
GISS-E2-R_r3i1p101, v20160504 latest new | ,NP, v20160504 latest new | , v20160504 latest new | , v20160504 latest new | , v20160504 latest new | , v20160504 latest new | , v20160504 latest new | 
GISS-E2-R_r3i1p102, v20160504 latest new | ,NP, v20160504 latest on 2017-07-05 | , v20160504 latest on 2017-07-05 | , v20160504 latest new | , v20160504 latest on 2017-07-05 | , v20160504 latest new | , v20160504 latest new | 
GISS-E2-R_r3i1p103, v20160504 latest new | ,NP, v20160504 latest on 2017-07-05 | , v20160504 latest new | , v20160504 latest new | , v20160504 latest on 2017-07-05 | , v20160504 latest new | , v20160504 latest new | 
GISS-E2-R_r3i1p104, v20160504 latest new | ,NP, v20160504 latest on 2017-07-05 | , v20160504 latest on 2017-07-05 | , v20160504 latest new | , v20160504 latest on 2017-07-05 | , v20160504 latest new | , v20160504 latest new | 
GISS-E2-R_r3i1p105, v20160504 latest new | ,NP, v20160504 latest on 2017-07-05 | , v20160504 latest on 2017-07-05 | , v20160504 latest new | , v20160504 latest on 2017-07-05 | , v20160504 latest new | , v20160504 latest new | 
GISS-E2-R_r3i1p106, v20160504 latest new | ,NP, v20160504 latest on 2017-07-05 | , v20160504 latest new | , v20160504 latest new | , v20160504 latest on 2017-07-05 | , v20160504 latest new | , v20160504 latest new | 
GISS-E2-R_r3i1p107, v20160504 latest new | ,NP, v20160504 latest on 2017-07-05 | , v20160504 latest on 2017-07-05 | , v20160504 latest new | , v20160504 latest on 2017-07-05 | , v20160504 latest new | , v20160504 latest new | 
GISS-E2-R_r3i1p108, v20160504 latest new | ,NP, v20160504 latest on 2017-07-05 | , v20160504 latest new | , v20160504 latest new | , v20160504 latest on 2017-07-05 | , v20160504 latest new | , v20160504 latest new | 
GISS-E2-R_r3i1p109, version not defined to update  | v20160504 latest new | ,NP, v20160504 latest on 2017-07-05 | , v20160504 latest on 2017-07-05 | , v20160504 latest new | , v20160504 latest on 2017-07-05 | , v20160504 latest new | , v20160504 latest new | 
GISS-E2-R_r3i1p114, v20160504 latest new | ,NP, v20160504 latest on 2017-07-05 | , v20160504 latest new | , v20160504 latest new | , v20160504 latest on 2017-07-05 | , v20160504 latest new | , v20160504 latest new | 
GISS-E2-R_r3i1p3001, v20160504 latest new | , v20160504 latest new | , v20160504 latest on 2017-07-05 | , v20160504 latest new | , v20160504 latest new | , v20160504 latest on 2017-07-05 | , v20160504 latest new | , v20160504 latest new | 
GISS-E2-R_r3i1p302, v20130103 | v20160504 latest new | , v20160504 latest new | , v20160504 latest on 2017-07-05 | , v20160504 latest new | , v20160504 latest new | , v20160504 latest on 2017-07-05 | v20130103 | , v20160504 latest new | , v20160504 latest new | 
GISS-E2-R_r3i1p303, v20160504 latest new | , v20160504 latest new | , v20160504 latest on 2017-07-05 | , v20160504 latest new | , v20160504 latest new | , v20160504 latest on 2017-07-05 | , v20160504 latest new | , v20160504 latest new | 
GISS-E2-R_r3i1p3031, v20160504 latest new | , v20160504 latest new | , v20160504 latest new | , v20160504 latest new | , v20160504 latest new | , v20160504 latest new | , v20160504 latest new | , v20160504 latest new | 
GISS-E2-R_r3i1p309, v20160504 latest new | , v20160504 latest new | , v20160504 latest on 2017-07-05 | , v20160504 latest on 2017-07-05 | , v20160504 latest new | , v20160504 latest on 2017-07-05 | , v20160504 latest new | , v20160504 latest new | 
GISS-E2-R_r3i1p310, v20130107 | v20160504 latest new | , v20160504 latest new | , v20160504 latest on 2017-07-05 | v20130107 | , v20160504 latest new | , v20160504 latest new | , v20160504 latest on 2017-07-05 | v20130107 | , v20160504 latest new | , v20160504 latest new | 
GISS-E2-R_r3i1p311, v20160504 latest new | , v20160504 latest new | , v20160504 latest on 2017-07-05 | , v20160504 latest new | , v20160504 latest new | , v20160504 latest on 2017-07-05 | , v20160504 latest new | , v20160504 latest new | 
GISS-E2-R_r3i1p312, v20160504 latest new | , v20160504 latest new | , v20160504 latest on 2017-07-05 | , v20160504 latest new | , v20160504 latest new | , v20160504 latest on 2017-07-05 | , v20160504 latest new | , v20160504 latest new | 
GISS-E2-R_r3i1p313, v20160504 latest new | , v20160504 latest new | , v20160504 latest on 2017-07-05 | , v20160504 latest new | , v20160504 latest new | , v20160504 latest on 2017-07-05 | , v20160504 latest new | , v20160504 latest new | 
GISS-E2-R_r3i1p315, v20160504 latest new | , v20160504 latest new | , v20160504 latest on 2017-07-05 | , v20160504 latest new | , v20160504 latest new | , v20160504 latest on 2017-07-05 | , v20160504 latest new | , v20160504 latest new | 
GISS-E2-R_r3i1p316, v20160504 latest new | , v20160504 latest new | , v20160504 latest on 2017-07-05 | , v20160504 latest new | , v20160504 latest new | , v20160504 latest on 2017-07-05 | , v20160504 latest new | , v20160504 latest new | 
GISS-E2-R_r3i1p317, v20160705 latest new | , v20160705 latest new | , v20160705 latest new | , v20160705 latest new | , v20160705 latest new | , v20160705 latest new | , v20160705 latest new | , v20160705 latest new | 
GISS-E2-R_r4i1p1, v20160504 latest new | ,NP, v20160504 latest on 2017-07-05 | , version not defined to update  | v20160504 latest new | , v20160504 latest new | , v20160504 latest on 2017-07-05 | , v20120518 | v20160504 latest new | , v20120518 | v20160504 latest new | 
GISS-E2-R_r4i1p101, v20160504 latest new | ,NP, v20160504 latest new | , v20160504 latest new | , v20160504 latest new | , v20160504 latest new | , v20160504 latest new | , v20160504 latest new | 
GISS-E2-R_r4i1p102, v20160504 latest new | ,NP, v20160504 latest on 2017-07-05 | , v20160504 latest new | , v20160504 latest new | , v20160504 latest on 2017-07-05 | , v20160504 latest new | , v20160504 latest new | 
GISS-E2-R_r4i1p103, v20160504 latest new | ,NP, v20160504 latest on 2017-07-05 | , v20160504 latest new | , v20160504 latest new | , v20160504 latest on 2017-07-05 | , v20160504 latest new | , v20160504 latest new | 
GISS-E2-R_r4i1p104, v20160504 latest new | ,NP, v20160504 latest on 2017-07-05 | , v20160504 latest new | , v20160504 latest new | , v20160504 latest on 2017-07-05 | , v20160504 latest new | , v20160504 latest new | 
GISS-E2-R_r4i1p105, v20160504 latest new | ,NP, v20160504 latest on 2017-07-05 | , v20160504 latest new | , v20160504 latest new | , v20160504 latest on 2017-07-05 | , v20160504 latest new | , v20160504 latest new | 
GISS-E2-R_r4i1p106, v20160504 latest new | ,NP, v20160504 latest new | , v20160504 latest new | , v20160504 latest new | , v20160504 latest new | , v20160504 latest new | , v20160504 latest new | 
GISS-E2-R_r4i1p107, v20160504 latest new | ,NP, v20160504 latest on 2017-07-05 | , v20160504 latest new | , v20160504 latest new | , v20160504 latest on 2017-07-05 | , v20160504 latest new | , v20160504 latest new | 
GISS-E2-R_r4i1p108, v20160504 latest new | ,NP, v20160504 latest on 2017-07-05 | , v20160504 latest new | , v20160504 latest new | , v20160504 latest on 2017-07-05 | , v20160504 latest new | , v20160504 latest new | 
GISS-E2-R_r4i1p109, v20160504 latest new | ,NP, v20160504 latest on 2017-07-05 | , v20160504 latest new | , v20160504 latest new | , v20160504 latest on 2017-07-05 | , v20160504 latest new | , version not defined to update  | v20160504 latest new | 
GISS-E2-R_r4i1p114, v20160504 latest new | ,NP, v20160504 latest on 2017-07-05 | , v20160504 latest new | , v20160504 latest new | , v20160504 latest on 2017-07-05 | , v20160504 latest new | , v20160504 latest new | 
GISS-E2-R_r4i1p3001, v20160504 latest new | , v20160504 latest new | , v20160504 latest on 2017-07-05 | , v20160504 latest new | , v20160504 latest new | , v20160504 latest on 2017-07-05 | , v20160504 latest new | , v20160504 latest new | 
GISS-E2-R_r4i1p302, v20160504 latest new | , v20160504 latest new | , v20160504 latest on 2017-07-05 | , v20160504 latest new | , v20160504 latest new | , v20160504 latest on 2017-07-05 | , v20160504 latest new | , v20160504 latest new | 
GISS-E2-R_r4i1p303, v20160504 latest new | , v20160504 latest new | , v20160504 latest on 2017-07-05 | , v20160504 latest new | , v20160504 latest new | , v20160504 latest on 2017-07-05 | , v20160504 latest new | , v20160504 latest new | 
GISS-E2-R_r4i1p3031, v20160504 latest new | , v20160504 latest new | , v20160504 latest new | , v20160504 latest new | , v20160504 latest new | , v20160504 latest new | , v20160504 latest new | , v20160504 latest new | 
GISS-E2-R_r4i1p309, v20160504 latest new | , v20160504 latest new | , v20160504 latest on 2017-07-05 | , v20160504 latest new | , v20160504 latest new | , v20160504 latest on 2017-07-05 | , v20160504 latest new | , v20160504 latest new | 
GISS-E2-R_r4i1p310, v20160504 latest new | , v20160504 latest new | , v20160504 latest on 2017-07-05 | v20130107 | , v20130107 | v20160504 latest new | , v20160504 latest new | , v20160504 latest on 2017-07-05 | , v20160504 latest new | , v20130107 | v20160504 latest new | 
GISS-E2-R_r4i1p311, v20160504 latest new | , v20160504 latest new | , v20160504 latest on 2017-07-05 | , v20160504 latest new | , v20160504 latest new | , v20160504 latest on 2017-07-05 | , v20160504 latest new | , v20160504 latest new | 
GISS-E2-R_r4i1p312, v20160504 latest new | , v20130114 | v20160504 latest new | , v20160504 latest on 2017-07-05 | , v20160504 latest new | , v20160504 latest new | , v20160504 latest on 2017-07-05 | , v20160504 latest new | , v20160504 latest new | 
GISS-E2-R_r4i1p313, v20130122 | v20160504 latest new | , v20160504 latest new | , v20160504 latest on 2017-07-05 | , v20160504 latest new | , v20130122 | v20160504 latest new | , v20160504 latest on 2017-07-05 | , v20160504 latest new | , v20160504 latest new | 
GISS-E2-R_r4i1p315,NP,NP, version not defined | ,NP,NP, version not defined | ,NP,NP
GISS-E2-R_r4i1p316, v20160504 latest new | , v20160504 latest new | , version not defined to update  | v20160504 latest new | , v20160504 latest new | , v20160504 latest new | , version not defined to update  | v20160504 latest new | , v20160504 latest new | , v20160504 latest new | 
GISS-E2-R_r4i1p317, v20160708 latest new | , v20160708 latest new | , v20160708 latest new | , v20160708 latest new | , v20160708 latest new | , v20160708 latest new | , v20160708 latest new | , v20160708 latest new | 
GISS-E2-R_r5i1p1, v20160504 latest new | ,NP, version not defined to update  | v20160504 latest new | , v20160504 latest new | , v20160504 latest new | , version not defined to update  | v20160504 latest new | , v20160504 latest new | , v20120518 | v20160504 latest new | 
GISS-E2-R_r5i1p101, v20160504 latest new | ,NP, v20160504 latest new | , v20160504 latest new | , v20160504 latest new | , v20160504 latest new | , v20160504 latest new | , v20160504 latest new | 
GISS-E2-R_r5i1p102, v20160504 latest new | ,NP, v20160504 latest on 2017-07-05 | , v20160504 latest new | , v20160504 latest new | , v20160504 latest on 2017-07-05 | , v20160504 latest new | , v20160504 latest new | 
GISS-E2-R_r5i1p103, v20160504 latest new | ,NP, v20160504 latest on 2017-07-05 | , v20160504 latest new | , v20160504 latest new | , v20160504 latest on 2017-07-05 | , v20160504 latest new | , v20160504 latest new | 
GISS-E2-R_r5i1p104, v20160504 latest new | ,NP, v20160504 latest on 2017-07-05 | , v20160504 latest new | , v20160504 latest new | , v20160504 latest on 2017-07-05 | , v20160504 latest new | , v20160504 latest new | 
GISS-E2-R_r5i1p105, v20160504 latest new | ,NP, v20160504 latest on 2017-07-05 | , v20160504 latest new | , v20120518 | v20160504 latest new | , v20160504 latest on 2017-07-05 | , v20160504 latest new | , v20160504 latest new | 
GISS-E2-R_r5i1p106, v20160504 latest new | ,NP, v20160504 latest on 2017-07-05 | , v20160504 latest new | , v20160504 latest new | , v20160504 latest on 2017-07-05 | , v20160504 latest new | , v20160504 latest new | 
GISS-E2-R_r5i1p107, v20160504 latest new | ,NP, v20160504 latest on 2017-07-05 | , v20160504 latest new | , v20160504 latest new | , v20160504 latest on 2017-07-05 | , v20160504 latest new | , v20160504 latest new | 
GISS-E2-R_r5i1p108, v20160504 latest new | ,NP, v20160504 latest on 2017-07-05 | , v20160504 latest new | , v20160504 latest new | , v20160504 latest on 2017-07-05 | , v20160504 latest new | , v20160504 latest new | 
GISS-E2-R_r5i1p109, v20160504 latest new | ,NP, v20160504 latest on 2017-07-05 | , v20160504 latest new | , v20160504 latest new | , v20160504 latest on 2017-07-05 | , v20160504 latest new | , version not defined to update  | v20160504 latest new | 
GISS-E2-R_r5i1p114, v20160504 latest new | ,NP, v20160504 latest on 2017-07-05 | , v20160504 latest new | , v20160504 latest new | , v20160504 latest on 2017-07-05 | , v20160504 latest new | , v20160504 latest new | 
GISS-E2-R_r5i1p3001, v20160504 latest new | , v20160504 latest new | , v20160504 latest on 2017-07-05 | , v20160504 latest new | , v20160504 latest new | , v20160504 latest on 2017-07-05 | , v20160504 latest new | , v20160504 latest new | 
GISS-E2-R_r5i1p302, v20160504 latest new | , v20160504 latest new | , v20160504 latest on 2017-07-05 | , v20160504 latest new | , v20160504 latest new | , v20160504 latest on 2017-07-05 | , v20130103 | v20160504 latest new | , v20160504 latest new | 
GISS-E2-R_r5i1p303, v20160504 latest new | , v20160504 latest new | , v20160504 latest on 2017-07-05 | , v20160504 latest new | , v20160504 latest new | , v20160504 latest on 2017-07-05 | , v20160504 latest new | , v20160504 latest new | 
GISS-E2-R_r5i1p3031, v20160504 latest new | , v20160504 latest new | , v20160504 latest new | , v20160504 latest new | , v20160504 latest new | , v20160504 latest new | , v20160504 latest new | , v20160504 latest new | 
GISS-E2-R_r5i1p309, v20160504 latest new | , v20160504 latest new | , v20160504 latest on 2017-07-05 | , v20160504 latest new | , v20160504 latest new | , v20160504 latest on 2017-07-05 | , v20160504 latest new | , v20160504 latest new | 
GISS-E2-R_r5i1p310, v20130107 | v20160504 latest new | , v20130107 | v20160504 latest new | , v20160504 latest on 2017-07-05 | v20130107 | , v20160504 latest new | , v20160504 latest new | , v20160504 latest on 2017-07-05 | , v20160504 latest new | , v20160504 latest new | 
GISS-E2-R_r5i1p311, v20160504 latest new | , v20160504 latest new | , v20160504 latest on 2017-07-05 | v20130109 | , v20160504 latest new | , v20160504 latest new | , v20160504 latest on 2017-07-05 | , v20160504 latest new | , v20160504 latest new | 
GISS-E2-R_r5i1p312, v20130114 | v20160504 latest new | , v20160504 latest new | , v20160504 latest on 2017-07-05 | , v20160504 latest new | , v20160504 latest new | , v20160504 latest on 2017-07-05 | v20130114 | , v20160504 latest new | , v20160504 latest new | 
GISS-E2-R_r5i1p313, v20160504 latest new | , v20160504 latest new | , v20160504 latest on 2017-07-05 | , v20160504 latest new | , v20160504 latest new | , v20160504 latest on 2017-07-05 | , v20130122 | v20160504 latest new | , v20160504 latest new | 
GISS-E2-R_r5i1p315, v20160504 latest new | , v20160504 latest new | , v20160504 latest on 2017-07-05 | , v20160504 latest new | , v20160504 latest new | , v20160504 latest on 2017-07-05 | , v20160504 latest new | , v20160504 latest new | 
GISS-E2-R_r5i1p316, v20160504 latest new | , v20160504 latest new | , v20160504 latest on 2017-07-05 | , v20160504 latest new | , v20160504 latest new | , v20160504 latest on 2017-07-05 | , v20160504 latest new | , v20160504 latest new | 
GISS-E2-R_r5i1p317, v20160711 latest new | , v20160711 latest new | , v20160711 latest new | , v20160711 latest new | , v20160711 latest new | , v20160711 latest new | , v20160711 latest new | , v20160711 latest new | 
IPSL-CM5A-LR_r1i1p1, v20111119 latest new | , v20111119 latest new | , v20111119 latest new | , v20111119 latest new | , v20111119 latest on 2017-07-05 | , v20111119 latest new | , v20111119 latest new | , v20111119 latest new | 
IPSL-CM5A-LR_r1i1p2, v20111119 latest new | , v20111119 latest new | , v20111119 latest new | , v20111119 latest new | , v20111119 latest on 2017-07-05 | , v20111119 latest new | , v20111119 latest new | , v20111119 latest new | 
IPSL-CM5A-LR_r1i1p3, v20111119 latest new | , v20111119 latest new | , v20111119 latest new | , v20111119 latest new | , v20111119 latest on 2017-07-05 | , v20111119 latest new | , v20111119 latest new | , v20111119 latest new | 
IPSL-CM5A-LR_r1i1p4, v20111119 latest new | , v20111119 latest new | , v20111119 latest new | , v20111119 latest new | , v20111119 latest on 2017-07-05 | , v20111119 latest new | , v20111119 latest new | , v20111119 latest new | 
IPSL-CM5A-LR_r1i1p5, v20150504 latest new | , v20150504 latest new | , v20150504 latest new | , v20150504 latest new | , v20150504 latest new | , v20150504 latest new | , v20150504 latest new | , v20150504 latest new | 
IPSL-CM5A-LR_r1i1p6, v20120804 latest new | , v20120804 latest new | , v20120804 latest new | , v20120804 latest new | , v20120804 latest on 2017-07-05 | , v20120804 latest new | , v20120804 latest new | , v20120804 latest new | 
IPSL-CM5A-LR_r2i1p1, v20150504 latest new | , v20150504 latest new | , v20150504 latest new | , v20150504 latest new | , v20150504 latest new | , v20150504 latest new | , v20150504 latest new | , v20150504 latest new | 
IPSL-CM5A-LR_r2i1p2, v20120114 latest new | , v20120114 latest new | , v20120114 latest new | , v20120114 latest new | , v20120114 latest on 2017-07-05 | , v20120114 latest new | , v20120114 latest new | , v20120114 latest new | 
IPSL-CM5A-LR_r2i1p4, v20111119 latest new | , v20111119 latest new | , v20111119 latest new | , v20111119 latest new | , v20111119 latest on 2017-07-05 | , v20111119 latest new | , v20111119 latest new | , v20111119 latest new | 
IPSL-CM5A-LR_r2i1p5, v20150504 latest new | , v20150504 latest new | , v20150504 latest new | , v20150504 latest new | , v20150504 latest new | , v20150504 latest new | , v20150504 latest new | , v20150504 latest new | 
IPSL-CM5A-LR_r2i1p6, v20120804 latest new | , v20120804 latest new | , v20120804 latest new | , v20120804 latest new | , v20120804 latest on 2017-07-05 | , v20120804 latest new | , v20120804 latest new | , v20120804 latest new | 
IPSL-CM5A-LR_r3i1p1, v20120114 latest new | , v20120114 latest new | , v20120114 latest new | , v20120114 latest new | , v20120114 latest on 2017-07-05 | , v20120114 latest new | , v20120114 latest new | , v20120114 latest new | 
IPSL-CM5A-LR_r3i1p2, v20120430 latest new | , v20120430 latest new | , v20120430 latest new | , v20120430 latest new | , v20120430 latest on 2017-07-05 | , v20120430 latest new | , v20120430 latest new | , v20120430 latest new | 
IPSL-CM5A-LR_r3i1p4, v20111119 latest new | , v20111119 latest new | , v20111119 latest new | , v20111119 latest new | , v20111119 latest on 2017-07-05 | , v20111119 latest new | , v20111119 latest new | , v20111119 latest new | 
IPSL-CM5A-LR_r3i1p5, v20150504 latest new | , v20150504 latest new | , v20150504 latest new | , v20150504 latest new | , v20150504 latest new | , v20150504 latest new | , v20150504 latest new | , v20150504 latest new | 
IPSL-CM5A-LR_r4i1p4, v20111119 latest new | , v20111119 latest new | , v20111119 latest new | , v20111119 latest new | , v20111119 latest on 2017-07-05 | , v20111119 latest new | , v20111119 latest new | , v20111119 latest new | 
IPSL-CM5A-LR_r4i1p5, v20150504 latest new | , v20150504 latest new | , v20150504 latest new | , v20150504 latest new | , v20150504 latest new | , v20150504 latest new | , v20150504 latest new | , v20150504 latest new | 
NorESM1-M_r1i1p1, v20120412 | v20110918 latest new | ,NP, v20120412 | v20120412 | v20110918 latest new | , v20120412 | v20110918 latest new | , v20120412 | v20110918 latest new | , v20120412 | v20110918 latest new | , v20120412 | v20110918 latest new | , v20120412 | v20110918 latest new | 
