 model_ensemble/variable,hfss_r2i2p1,ps_r3i2p1,ps_r1i2p1,ps_Amon,rlus_r2i2p1,hfss_r1i2p1,rlds_Amon,rlus_r1i2p1,ps_r2i2p1,rsus_r1i2p1,rlds_r2i2p1,rsus_Amon,tro3_Amon,rsus_r3i2p1,rsus_r2i2p1,rlus_Amon,rlds_r1i2p1,rsds_r2i2p1,rlus_r3i2p1,hfss_r3i2p1,hfss_Amon,hfls_r1i2p1,rlds_r3i2p1,rsds_r1i2p1,hfls_r2i2p1,rsds_Amon,rsds_r3i2p1,hfls_Amon,hfls_r3i2p1
ACCESS1-0_r1i1p1,NP,NP,NP, v20120115 | v20120727 latest on 2017-07-05 | ,NP,NP, v20120115 | v20120727 latest on 2017-07-05 | ,NP,NP,NP,NP, v20120115 | v20120727 latest on 2017-07-05 | ,NP,NP,NP, v20120115 | v20120727 latest on 2017-07-05 | ,NP,NP,NP,NP, v20120115 | v20120727 latest on 2017-07-05 | ,NP,NP,NP,NP, v20120115 | v20120727 latest on 2017-07-05 | ,NP, v20120115 | v20120727 latest on 2017-07-05 | ,NP
ACCESS1-0_r2i1p1,NP,NP,NP, v20130726 latest on 2017-07-05 | ,NP,NP, v20130726 latest on 2017-07-05 | ,NP,NP,NP,NP, v20130726 latest on 2017-07-05 | ,NP,NP,NP, v20130726 latest on 2017-07-05 | ,NP,NP,NP,NP, v20130726 latest on 2017-07-05 | ,NP,NP,NP,NP, v20130726 latest on 2017-07-05 | ,NP, v20130726 latest on 2017-07-05 | ,NP
ACCESS1-0_r3i1p1,NP,NP,NP, v20140402 latest on 2017-07-05 | ,NP,NP, v20140402 latest on 2017-07-05 | ,NP,NP,NP,NP, v20140402 latest on 2017-07-05 | ,NP,NP,NP, v20140402 latest on 2017-07-05 | ,NP,NP,NP,NP, v20140402 latest on 2017-07-05 | ,NP,NP,NP,NP, v20140402 latest on 2017-07-05 | ,NP, v20140402 latest on 2017-07-05 | ,NP
ACCESS1-3_r1i1p1,NP,NP,NP, v20120413 | v20130325 latest on 2017-07-05 | ,NP,NP, v20120413 | v20130325 latest on 2017-07-05 | ,NP,NP,NP,NP, v20120413 | v20130325 latest on 2017-07-05 | ,NP,NP,NP, v20120413 | v20130325 latest on 2017-07-05 | ,NP,NP,NP,NP, v20120413 | v20130325 latest on 2017-07-05 | ,NP,NP,NP,NP, v20120413 | v20130325 latest on 2017-07-05 | ,NP, v20120413 | v20130325 latest on 2017-07-05 | ,NP
ACCESS1-3_r2i1p1,NP,NP,NP, v20121112 latest on 2017-07-05 | ,NP,NP, v20121112 latest on 2017-07-05 | ,NP,NP,NP,NP, v20121112 latest on 2017-07-05 | ,NP,NP,NP, v20121112 latest on 2017-07-05 | ,NP,NP,NP,NP, v20121112 latest on 2017-07-05 | ,NP,NP,NP,NP, v20121112 latest on 2017-07-05 | ,NP, v20121112 latest on 2017-07-05 | ,NP
ACCESS1-3_r3i1p1,NP,NP,NP, v20121112 latest on 2017-07-05 | ,NP,NP, v20121112 latest on 2017-07-05 | ,NP,NP,NP,NP, v20121112 latest on 2017-07-05 | ,NP,NP,NP, v20121112 latest on 2017-07-05 | ,NP,NP,NP,NP, v20121112 latest on 2017-07-05 | ,NP,NP,NP,NP, v20121112 latest on 2017-07-05 | ,NP, v20121112 latest on 2017-07-05 | ,NP
BNU-ESM_r1i1p1,NP,NP,NP, v20120510 | ,NP,NP, v20120510 | ,NP,NP,NP,NP, v20120510 | , v20120510 | ,NP,NP, v20120510 | ,NP,NP,NP,NP, v20120510 | ,NP,NP,NP,NP, v20120510 | ,NP, v20120510 | ,NP
CCSM4_r1i1p1,NP,NP,NP, version not defined to update  | v20120202 | v20160829 latest new | ,NP,NP, version not defined to update  | v20120202 | v20121031 | v20130425 | v20160829 latest new | ,NP,NP,NP,NP, v20120202 | v20130425 | v20160829 latest new | , v20160829 latest new | ,NP,NP, v20120202 | v20130425 | v20160829 latest new | ,NP,NP,NP,NP, v20120202 | v20130425 | v20160829 latest new | ,NP,NP,NP,NP, version not defined to update  | v20120202 | v20121031 | v20130425 | v20130425 | v20160829 latest new | ,NP, v20120202 | v20130425 | v20160829 latest new | ,NP
CCSM4_r1i2p1,NP,NP,NP, v20130715 latest new | ,NP,NP, v20130715 latest on 2017-07-05 | ,NP,NP,NP,NP, v20130715 latest on 2017-07-05 | ,NP,NP,NP, v20130715 latest on 2017-07-05 | ,NP,NP,NP,NP, v20130715 latest on 2017-07-05 | ,NP,NP,NP,NP, v20130715 latest on 2017-07-05 | ,NP, v20130715 latest on 2017-07-05 | ,NP
CCSM4_r1i2p2,NP,NP,NP, v20130715 latest new | ,NP,NP, v20130715 latest on 2017-07-05 | ,NP,NP,NP,NP, v20130715 latest on 2017-07-05 | ,NP,NP,NP, v20130715 latest on 2017-07-05 | ,NP,NP,NP,NP, v20130715 latest on 2017-07-05 | ,NP,NP,NP,NP, v20130715 latest on 2017-07-05 | ,NP, v20130715 latest on 2017-07-05 | ,NP
CCSM4_r2i1p1,NP,NP,NP, version not defined to update  | v20120202 | v20160829 latest new | ,NP,NP, version not defined to update  | v20120202 | v20121031 | v20130425 | v20160829 latest new | ,NP,NP,NP,NP, v20120202 | v20130425 | v20160829 latest new | , v20160829 latest new | ,NP,NP, v20120202 | v20130425 | v20160829 latest new | ,NP,NP,NP,NP, v20120202 | v20130425 | v20160829 latest new | ,NP,NP,NP,NP, version not defined to update  | v20120202 | v20121031 | v20130425 | v20130425 | v20160829 latest new | ,NP, v20120202 | v20130425 | v20160829 latest new | ,NP
CCSM4_r3i1p1,NP,NP,NP, version not defined to update  | v20120202 | v20160829 latest new | ,NP,NP, version not defined to update  | v20120202 | v20121031 | v20130425 | v20160829 latest new | ,NP,NP,NP,NP, v20120202 | v20130425 | v20160829 latest new | , v20160829 latest new | ,NP,NP, v20120202 | v20130425 | v20160829 latest new | ,NP,NP,NP,NP, v20120202 | v20130425 | v20160829 latest new | ,NP,NP,NP,NP, version not defined to update  | v20120202 | v20121031 | v20130425 | v20130425 | v20160829 latest new | ,NP, v20120202 | v20130425 | v20160829 latest new | ,NP
CCSM4_r4i1p1,NP,NP,NP, version not defined to update  | v20120202 | v20160829 latest new | ,NP,NP, version not defined to update  | v20120202 | v20121031 | v20130425 | v20160829 latest new | ,NP,NP,NP,NP, v20120202 | v20130425 | v20160829 latest new | , v20160829 latest new | ,NP,NP, v20120202 | v20130425 | v20160829 latest new | ,NP,NP,NP,NP, v20120202 | v20130425 | v20160829 latest new | ,NP,NP,NP,NP, version not defined to update  | v20120202 | v20121031 | v20130425 | v20130425 | v20160829 latest new | ,NP, v20120202 | v20130425 | v20160829 latest new | ,NP
CCSM4_r5i1p1,NP,NP,NP, version not defined to update  | v20120202 | v20160829 latest new | ,NP,NP, version not defined to update  | v20120202 | v20121031 | v20130425 | v20160829 latest new | ,NP,NP,NP,NP, v20120202 | v20130425 | v20160829 latest new | , v20160829 latest new | ,NP,NP, v20120202 | v20130425 | v20160829 latest new | ,NP,NP,NP,NP, v20120202 | v20130425 | v20160829 latest new | ,NP,NP,NP,NP, version not defined to update  | v20120202 | v20121031 | v20130425 | v20130425 | v20160829 latest new | ,NP, v20120202 | v20130425 | v20160829 latest new | ,NP
CCSM4_r6i1p1,NP,NP,NP, version not defined to update  | v20120202 | v20121031 | v20160829 latest new | ,NP,NP, version not defined to update  | v20120202 | v20121031 | v20130425 | v20160829 latest new | ,NP,NP,NP,NP, v20120202 | v20130425 | v20160829 latest new | , v20160829 latest new | ,NP,NP, v20120202 | v20130425 | v20160829 latest new | ,NP,NP,NP,NP, v20120202 | v20130425 | v20160829 latest new | ,NP,NP,NP,NP, version not defined to update  | v20120202 | v20121031 | v20130425 | v20130425 | v20160829 latest new | ,NP, v20120202 | v20130425 | v20160829 latest new | ,NP
CESM1-BGC_r1i1p1,NP,NP,NP, v20120606 | ,NP,NP, v20120606 | v20130213 | ,NP,NP,NP,NP, v20120606 | v20130213 | ,NP,NP,NP, v20120606 | v20130213 | ,NP,NP,NP,NP, v20120606 | v20130213 | ,NP,NP,NP,NP, v20120606 | v20130213 | ,NP, v20120606 | v20130213 | ,NP
CESM1-CAM5_r1i1p1,NP,NP,NP, v20120608 | ,NP,NP, v20120608 | v20130313 | ,NP,NP,NP,NP, v20120608 | v20130313 | ,NP,NP,NP, v20120608 | v20130313 | ,NP,NP,NP,NP, v20120608 | v20130313 | ,NP,NP,NP,NP, v20120608 | v20130313 | v20130313 | ,NP, v20120608 | v20130313 | ,NP
CESM1-CAM5_r2i1p1,NP,NP,NP, v20120611 | ,NP,NP, v20120611 | v20130313 | ,NP,NP,NP,NP, v20120611 | v20130313 | ,NP,NP,NP, v20120611 | v20130313 | ,NP,NP,NP,NP, v20120611 | v20130313 | ,NP,NP,NP,NP, v20120611 | v20130313 | v20130313 | ,NP, v20120611 | v20130313 | ,NP
CESM1-CAM5_r3i1p1,NP,NP,NP, v20120521 | ,NP,NP, v20120521 | v20130313 | ,NP,NP,NP,NP, v20120521 | v20130313 | ,NP,NP,NP, v20120521 | v20130313 | ,NP,NP,NP,NP, v20120521 | v20130313 | ,NP,NP,NP,NP, v20120521 | v20130313 | v20130313 | ,NP, v20120521 | v20130313 | ,NP
CESM1-FASTCHEM_r1i1p1,NP,NP,NP, v20120522 | ,NP,NP, v20120522 | v20121029 | ,NP,NP,NP,NP, v20120522 | v20121029 | , v20120625 | ,NP,NP, v20120625 | v20121029 | ,NP,NP,NP,NP, v20120522 | v20121029 | ,NP,NP,NP,NP, v20120625 | v20121029 | ,NP, v20120522 | v20121029 | ,NP
CESM1-FASTCHEM_r2i1p1,NP,NP,NP, v20120625 | ,NP,NP, v20120522 | v20121029 | ,NP,NP,NP,NP, v20120522 | v20121029 | , v20120606 | v20120625 | ,NP,NP, v20120625 | v20121029 | ,NP,NP,NP,NP, v20120522 | v20121029 | ,NP,NP,NP,NP, v20120625 | v20121029 | ,NP, v20120625 | v20121029 | ,NP
CESM1-FASTCHEM_r3i1p1,NP,NP,NP, v20120625 | ,NP,NP, v20121029 | ,NP,NP,NP,NP, v20120625 | v20121029 | , v20120625 | ,NP,NP, v20120522 | v20121029 | ,NP,NP,NP,NP, v20120522 | v20121029 | ,NP,NP,NP,NP, v20120625 | v20121029 | ,NP, v20120625 | v20121029 | ,NP
CESM1-WACCM_r1i1p1,NP,NP,NP, v20120606 | ,NP,NP, v20120606 | v20130314 | ,NP,NP,NP,NP, v20120606 | v20130314 | , v20120606 | ,NP,NP, v20120606 | v20130314 | ,NP,NP,NP,NP, v20120606 | v20130314 | ,NP,NP,NP,NP, v20120606 | v20130314 | ,NP, v20120606 | v20130314 | ,NP
CESM1-WACCM_r2i1p1,NP,NP,NP, v20120523 | ,NP,NP, v20120523 | v20130314 | ,NP,NP,NP,NP, v20120523 | v20130314 | , v20120523 | ,NP,NP, v20120523 | v20130314 | ,NP,NP,NP,NP, v20120523 | v20130314 | ,NP,NP,NP,NP, v20120523 | v20130314 | ,NP, v20120523 | v20130314 | ,NP
CESM1-WACCM_r3i1p1,NP,NP,NP, v20120606 | ,NP,NP, v20120606 | v20130314 | ,NP,NP,NP,NP, v20120606 | v20130314 | , v20120606 | ,NP,NP, v20120606 | v20130314 | ,NP,NP,NP,NP, v20120606 | v20130314 | ,NP,NP,NP,NP, v20120606 | v20130314 | ,NP, v20120606 | v20130314 | ,NP
CESM1-WACCM_r4i1p1,NP,NP,NP, v20120606 | ,NP,NP, v20120606 | v20130314 | ,NP,NP,NP,NP, v20120606 | v20130314 | , v20120606 | ,NP,NP, v20120606 | v20130314 | ,NP,NP,NP,NP, v20120606 | v20130314 | ,NP,NP,NP,NP, v20120606 | v20130314 | ,NP, v20120606 | v20130314 | ,NP
CESM1-WACCM_r5i1p1,NP,NP,NP,NP,NP,NP, v20140429 | ,NP,NP,NP,NP, v20140429 | ,NP,NP,NP, v20140429 | ,NP,NP,NP,NP, v20140429 | ,NP,NP,NP,NP, v20140429 | ,NP, v20140429 | ,NP
CESM1-WACCM_r6i1p1,NP,NP,NP,NP,NP,NP, v20140429 | ,NP,NP,NP,NP, v20140429 | ,NP,NP,NP, v20140429 | ,NP,NP,NP,NP, v20140429 | ,NP,NP,NP,NP, v20140429 | ,NP, v20140429 | ,NP
CESM1-WACCM_r7i1p1,NP,NP,NP,NP,NP,NP, v20140429 | ,NP,NP,NP,NP, v20140429 | ,NP,NP,NP, v20140429 | ,NP,NP,NP,NP, v20140429 | ,NP,NP,NP,NP, v20140429 | ,NP, v20140429 | ,NP
CMCC-CESM_r1i1p1,NP,NP,NP, v20120907 latest on 2017-07-05 | v20120907 latest on 2017-07-05 | v20130416 | ,NP,NP, v20120907 latest on 2017-07-05 | ,NP,NP,NP,NP, v20120907 latest on 2017-07-05 | ,NP,NP,NP, v20120907 latest on 2017-07-05 | ,NP,NP,NP,NP, v20120907 latest on 2017-07-05 | ,NP,NP,NP,NP, v20120907 latest on 2017-07-05 | ,NP, v20120907 latest on 2017-07-05 | ,NP
CMCC-CM_r1i1p1,NP,NP,NP, v20121008 latest on 2017-07-05 | v20121008 latest on 2017-07-05 | ,NP,NP, v20121008 latest on 2017-07-05 | ,NP,NP,NP,NP, v20121008 latest on 2017-07-05 | v20121008 latest on 2017-07-05 to update  | ,NP,NP,NP, v20121008 latest on 2017-07-05 | ,NP,NP,NP,NP, v20121008 latest on 2017-07-05 | ,NP,NP,NP,NP, v20121008 latest on 2017-07-05 | ,NP, v20121008 latest on 2017-07-05 | ,NP
CMCC-CMS_r1i1p1,NP,NP,NP, v20120717 latest on 2017-07-05 | ,NP,NP, v20120717 latest on 2017-07-05 | ,NP,NP,NP,NP, v20120717 latest on 2017-07-05 | ,NP,NP,NP, v20120717 latest on 2017-07-05 to update  | ,NP,NP,NP,NP, v20120717 latest on 2017-07-05 | ,NP,NP,NP,NP, v20120717 latest on 2017-07-05 | ,NP, v20120717 latest on 2017-07-05 | ,NP
CNRM-CM5_r10i1p1,NP,NP,NP, v20110901 latest on 2017-07-05 | ,NP,NP, v20110901 latest on 2017-07-05 | v20110901 latest on 2017-07-05 | ,NP,NP,NP,NP, v20110901 latest on 2017-07-05 | v20110901 latest on 2017-07-05 | , v20110901 latest on 2017-07-05 | ,NP,NP, v20110901 latest on 2017-07-05 | v20110901 latest on 2017-07-05 | ,NP,NP,NP,NP, v20110901 latest on 2017-07-05 | v20110901 latest on 2017-07-05 | ,NP,NP,NP,NP, v20110901 latest on 2017-07-05 | v20110901 latest on 2017-07-05 | v20110901 latest on 2017-07-05 | ,NP, v20110901 latest on 2017-07-05 | v20110901 latest on 2017-07-05 | ,NP
CNRM-CM5_r1i1p1,NP,NP,NP, version not defined to update  | v20110901 latest on 2017-07-05 | ,NP,NP, version not defined to update  | v20110901 latest on 2017-07-05 | ,NP,NP,NP,NP, version not defined to update  | v20110901 latest on 2017-07-05 | v20110901 latest on 2017-07-05 to update  | , version not defined to update  | v20110901 latest new | ,NP,NP, version not defined to update  | v20110901 latest on 2017-07-05 | ,NP,NP,NP,NP, version not defined to update  | v20110901 latest on 2017-07-05 | ,NP,NP,NP,NP, version not defined to update  | version not defined to update  | v20110901 latest on 2017-07-05 | ,NP, version not defined to update  | v20110901 latest on 2017-07-05 | ,NP
CNRM-CM5_r2i1p1,NP,NP,NP, v20110901 latest on 2017-07-05 | ,NP,NP, v20110901 latest on 2017-07-05 | v20110901 latest on 2017-07-05 | ,NP,NP,NP,NP, v20110901 latest on 2017-07-05 | v20110901 latest on 2017-07-05 | , v20110901 latest on 2017-07-05 | ,NP,NP, v20110901 latest on 2017-07-05 | v20110901 latest on 2017-07-05 | ,NP,NP,NP,NP, v20110901 latest on 2017-07-05 | v20110901 latest on 2017-07-05 | ,NP,NP,NP,NP, v20110901 latest on 2017-07-05 | v20110901 latest on 2017-07-05 | v20110901 latest on 2017-07-05 | ,NP, v20110901 latest on 2017-07-05 | v20110901 latest on 2017-07-05 | ,NP
CNRM-CM5_r3i1p1,NP,NP,NP, v20110901 latest on 2017-07-05 | ,NP,NP, v20110901 latest on 2017-07-05 | v20110901 latest on 2017-07-05 | ,NP,NP,NP,NP, v20110901 latest on 2017-07-05 | v20110901 latest on 2017-07-05 | , v20110901 latest on 2017-07-05 | ,NP,NP, v20110901 latest on 2017-07-05 | v20110901 latest on 2017-07-05 | ,NP,NP,NP,NP, v20110901 latest on 2017-07-05 | v20110901 latest on 2017-07-05 | ,NP,NP,NP,NP, v20110901 latest on 2017-07-05 | v20110901 latest on 2017-07-05 | v20110901 latest on 2017-07-05 | ,NP, v20110901 latest on 2017-07-05 | v20110901 latest on 2017-07-05 | ,NP
CNRM-CM5_r4i1p1,NP,NP,NP, v20110901 latest on 2017-07-05 | ,NP,NP, v20110901 latest on 2017-07-05 | v20110901 latest on 2017-07-05 | ,NP,NP,NP,NP, v20110901 latest on 2017-07-05 | v20110901 latest on 2017-07-05 | , v20110901 latest on 2017-07-05 | ,NP,NP, v20110901 latest on 2017-07-05 | v20110901 latest on 2017-07-05 | ,NP,NP,NP,NP, v20110901 latest on 2017-07-05 | v20110901 latest on 2017-07-05 | ,NP,NP,NP,NP, v20110901 latest on 2017-07-05 | v20110901 latest on 2017-07-05 | v20110901 latest on 2017-07-05 | ,NP, v20110901 latest on 2017-07-05 | v20110901 latest on 2017-07-05 | ,NP
CNRM-CM5_r5i1p1,NP,NP,NP, v20110901 latest on 2017-07-05 | ,NP,NP, v20110901 latest on 2017-07-05 | v20110901 latest on 2017-07-05 | ,NP,NP,NP,NP, v20110901 latest on 2017-07-05 | v20110901 latest on 2017-07-05 | , v20110901 latest on 2017-07-05 | ,NP,NP, v20110901 latest on 2017-07-05 | v20110901 latest on 2017-07-05 | ,NP,NP,NP,NP, v20110901 latest on 2017-07-05 | v20110901 latest on 2017-07-05 | ,NP,NP,NP,NP, v20110901 latest on 2017-07-05 | v20110901 latest on 2017-07-05 | v20110901 latest on 2017-07-05 | ,NP, v20110901 latest on 2017-07-05 | v20110901 latest on 2017-07-05 | ,NP
CNRM-CM5_r6i1p1,NP,NP,NP, v20110901 latest on 2017-07-05 | ,NP,NP, v20110901 latest on 2017-07-05 | v20110901 latest on 2017-07-05 | ,NP,NP,NP,NP, v20110901 latest on 2017-07-05 | v20110901 latest on 2017-07-05 | , v20110901 latest on 2017-07-05 | ,NP,NP, v20110901 latest on 2017-07-05 | v20110901 latest on 2017-07-05 | ,NP,NP,NP,NP, v20110901 latest on 2017-07-05 | v20110901 latest on 2017-07-05 | ,NP,NP,NP,NP, v20110901 latest on 2017-07-05 | v20110901 latest on 2017-07-05 | v20110901 latest on 2017-07-05 | ,NP, v20110901 latest on 2017-07-05 | v20110901 latest on 2017-07-05 | ,NP
CNRM-CM5_r7i1p1,NP,NP,NP, v20110901 latest on 2017-07-05 | ,NP,NP, v20110901 latest on 2017-07-05 | v20110901 latest on 2017-07-05 | ,NP,NP,NP,NP, v20110901 latest on 2017-07-05 | v20110901 latest on 2017-07-05 | , v20110901 latest on 2017-07-05 | ,NP,NP, v20110901 latest on 2017-07-05 | v20110901 latest on 2017-07-05 | ,NP,NP,NP,NP, v20110901 latest on 2017-07-05 | v20110901 latest on 2017-07-05 | ,NP,NP,NP,NP, v20110901 latest on 2017-07-05 | v20110901 latest on 2017-07-05 | v20110901 latest on 2017-07-05 | ,NP, v20110901 latest on 2017-07-05 | v20110901 latest on 2017-07-05 | ,NP
CNRM-CM5_r8i1p1,NP,NP,NP, v20110901 latest on 2017-07-05 | ,NP,NP, v20110901 latest on 2017-07-05 | v20110901 latest on 2017-07-05 | ,NP,NP,NP,NP, v20110901 latest on 2017-07-05 | v20110901 latest on 2017-07-05 | , v20110901 latest on 2017-07-05 | ,NP,NP, v20110901 latest on 2017-07-05 | v20110901 latest on 2017-07-05 | ,NP,NP,NP,NP, v20110901 latest on 2017-07-05 | v20110901 latest on 2017-07-05 | ,NP,NP,NP,NP, v20110901 latest on 2017-07-05 | v20110901 latest on 2017-07-05 | v20110901 latest on 2017-07-05 | ,NP, v20110901 latest on 2017-07-05 | v20110901 latest on 2017-07-05 | ,NP
CNRM-CM5_r9i1p1,NP,NP,NP, v20110901 latest on 2017-07-05 | ,NP,NP, v20110901 latest on 2017-07-05 | v20110901 latest on 2017-07-05 | ,NP,NP,NP,NP, v20110901 latest on 2017-07-05 | v20110901 latest on 2017-07-05 | , v20110901 latest on 2017-07-05 | ,NP,NP, v20110901 latest on 2017-07-05 | v20110901 latest on 2017-07-05 | ,NP,NP,NP,NP, v20110901 latest on 2017-07-05 | v20110901 latest on 2017-07-05 | ,NP,NP,NP,NP, v20110901 latest on 2017-07-05 | v20110901 latest on 2017-07-05 | v20110901 latest on 2017-07-05 | ,NP, v20110901 latest on 2017-07-05 | v20110901 latest on 2017-07-05 | ,NP
CNRM-CM5-2_r1i1p1,NP,NP,NP, v20130401 latest on 2017-07-05 | ,NP,NP, v20130401 latest on 2017-07-05 | ,NP,NP,NP,NP, v20130401 latest on 2017-07-05 | , v20130401 latest new | ,NP,NP, v20130401 latest new | ,NP,NP,NP,NP, v20130401 latest on 2017-07-05 | ,NP,NP,NP,NP, v20130401 latest on 2017-07-05 | ,NP, v20130401 latest on 2017-07-05 | ,NP
CSIRO-Mk3-6-0_r10i1p1,NP,NP,NP, v20110518 | ,NP,NP, v20110518 | ,NP,NP,NP,NP, v20110518 | ,NP,NP,NP, v20110518 | ,NP,NP,NP,NP, v20110518 | ,NP,NP,NP,NP, v20110518 | ,NP, v20110518 | ,NP
CSIRO-Mk3-6-0_r1i1p1,NP,NP,NP, v20110518 | ,NP,NP, v20110518 | ,NP,NP,NP,NP, v20110518 | , v20110518 | ,NP,NP, v20110518 | ,NP,NP,NP,NP, v20110518 | ,NP,NP,NP,NP, v20110518 | ,NP, v20110518 | ,NP
CSIRO-Mk3-6-0_r2i1p1,NP,NP,NP, v20110518 | ,NP,NP, v20110518 | ,NP,NP,NP,NP, v20110518 | ,NP,NP,NP, v20110518 | ,NP,NP,NP,NP, v20110518 | ,NP,NP,NP,NP, v20110518 | ,NP, v20110518 | ,NP
CSIRO-Mk3-6-0_r3i1p1,NP,NP,NP, v20110518 | ,NP,NP, v20110518 | ,NP,NP,NP,NP, v20110518 | ,NP,NP,NP, v20110518 | ,NP,NP,NP,NP, v20110518 | ,NP,NP,NP,NP, v20110518 | ,NP, v20110518 | ,NP
CSIRO-Mk3-6-0_r4i1p1,NP,NP,NP, v20110518 | ,NP,NP, v20110518 | ,NP,NP,NP,NP, v20110518 | ,NP,NP,NP, v20110518 | ,NP,NP,NP,NP, v20110518 | ,NP,NP,NP,NP, v20110518 | ,NP, v20110518 | ,NP
CSIRO-Mk3-6-0_r5i1p1,NP,NP,NP, v20110518 | ,NP,NP, v20110518 | ,NP,NP,NP,NP, v20110518 | ,NP,NP,NP, v20110518 | ,NP,NP,NP,NP, v20110518 | ,NP,NP,NP,NP, v20110518 | ,NP, v20110518 | ,NP
CSIRO-Mk3-6-0_r6i1p1,NP,NP,NP, v20110518 | ,NP,NP, v20110518 | ,NP,NP,NP,NP, v20110518 | ,NP,NP,NP, v20110518 | ,NP,NP,NP,NP, v20110518 | ,NP,NP,NP,NP, v20110518 | ,NP, v20110518 | ,NP
CSIRO-Mk3-6-0_r7i1p1,NP,NP,NP, v20110518 | ,NP,NP, v20110518 | ,NP,NP,NP,NP, v20110518 | ,NP,NP,NP, v20110518 | ,NP,NP,NP,NP, v20110518 | ,NP,NP,NP,NP, v20110518 | ,NP, v20110518 | ,NP
CSIRO-Mk3-6-0_r8i1p1,NP,NP,NP, v20110518 | ,NP,NP, v20110518 | ,NP,NP,NP,NP, v20110518 | ,NP,NP,NP, v20110518 | ,NP,NP,NP,NP, v20110518 | ,NP,NP,NP,NP, v20110518 | ,NP, v20110518 | ,NP
CSIRO-Mk3-6-0_r9i1p1,NP,NP,NP, v20110518 | ,NP,NP, v20110518 | ,NP,NP,NP,NP, v20110518 | ,NP,NP,NP, v20110518 | ,NP,NP,NP,NP, v20110518 | ,NP,NP,NP,NP, v20110518 | ,NP, v20110518 | ,NP
CSIRO-Mk3L-1-2_r1i2p1,NP,NP,NP, version not defined | ,NP,NP, version not defined | ,NP,NP,NP,NP, version not defined | ,NP,NP,NP, version not defined | ,NP,NP,NP,NP, version not defined | ,NP,NP,NP,NP, version not defined | ,NP, version not defined | ,NP
CSIRO-Mk3L-1-2_r2i2p1,NP,NP,NP, version not defined | ,NP,NP, version not defined | ,NP,NP,NP,NP, version not defined | ,NP,NP,NP, version not defined | ,NP,NP,NP,NP, version not defined | ,NP,NP,NP,NP, version not defined | ,NP, version not defined | ,NP
CSIRO-Mk3L-1-2_r3i2p1,NP,NP,NP, version not defined | ,NP,NP, version not defined | ,NP,NP,NP,NP, version not defined | ,NP,NP,NP, version not defined | ,NP,NP,NP,NP, version not defined | ,NP,NP,NP,NP, version not defined | ,NP, version not defined | ,NP
CSIRO-Mk3L-1-2_v20170315|esgf, nci latest new | , nci latest new | , nci latest new | ,NP, nci latest new | , nci latest new | ,NP, nci latest new | , nci latest new | , nci latest new | , nci latest new | ,NP,NP, nci latest new | , nci latest new | ,NP, nci latest new | , nci latest new | , nci latest new | , nci latest new | ,NP, nci latest new | , nci latest new | , nci latest new | , nci latest new | ,NP, nci latest new | ,NP, nci latest new | 
CanCM4_r10i1p1,NP,NP,NP,NP,NP,NP, v20120207 | v20120207 | v20130331 latest new | ,NP,NP,NP,NP, v20120207 | v20120207 | v20130331 latest new | ,NP,NP,NP, v20120207 | v20120207 | v20130331 latest new | ,NP,NP,NP,NP, v20120207 | v20120207 | v20130331 latest new | ,NP,NP,NP,NP, v20120207 | v20120207 | v20130331 latest new | ,NP, v20120207 | v20120207 | v20130331 latest new | ,NP
CanCM4_r1i1p1,NP,NP,NP,NP,NP,NP, v20120207 | v20120207 | v20130331 latest new | ,NP,NP,NP,NP, v20120207 | v20120207 | v20130331 latest new | ,NP,NP,NP, v20120207 | v20120207 | v20130331 latest new | ,NP,NP,NP,NP, v20120207 | v20120207 | v20130331 latest new | ,NP,NP,NP,NP, v20120207 | v20120207 | v20130331 latest new | ,NP, v20120207 | v20120207 | v20130331 latest new | ,NP
CanCM4_r2i1p1,NP,NP,NP,NP,NP,NP, v20120207 | v20120207 | v20130331 latest new | ,NP,NP,NP,NP, v20120207 | v20120207 | v20130331 latest new | ,NP,NP,NP, v20120207 | v20120207 | v20130331 latest new | ,NP,NP,NP,NP, v20120207 | v20120207 | v20130331 latest new | ,NP,NP,NP,NP, v20120207 | v20120207 | v20130331 latest new | ,NP, v20120207 | v20120207 | v20130331 latest new | ,NP
CanCM4_r3i1p1,NP,NP,NP,NP,NP,NP, v20120207 | v20120207 | v20130331 latest new | ,NP,NP,NP,NP, v20120207 | v20120207 | v20130331 latest new | ,NP,NP,NP, v20120207 | v20120207 | v20130331 latest new | ,NP,NP,NP,NP, v20120207 | v20120207 | v20130331 latest new | ,NP,NP,NP,NP, v20120207 | v20120207 | v20130331 latest new | ,NP, v20120207 | v20120207 | v20130331 latest new | ,NP
CanCM4_r4i1p1,NP,NP,NP,NP,NP,NP, v20120207 | v20120207 | v20130331 latest new | ,NP,NP,NP,NP, v20120207 | v20120207 | v20130331 latest new | ,NP,NP,NP, v20120207 | v20120207 | v20130331 latest new | ,NP,NP,NP,NP, v20120207 | v20120207 | v20130331 latest new | ,NP,NP,NP,NP, v20120207 | v20120207 | v20130331 latest new | ,NP, v20120207 | v20120207 | v20130331 latest new | ,NP
CanCM4_r5i1p1,NP,NP,NP,NP,NP,NP, v20120207 | v20120207 | v20130331 latest new | ,NP,NP,NP,NP, v20120207 | v20120207 | v20130331 latest new | ,NP,NP,NP, v20120207 | v20120207 | v20130331 latest new | ,NP,NP,NP,NP, v20120207 | v20120207 | v20130331 latest new | ,NP,NP,NP,NP, v20120207 | v20120207 | v20130331 latest new | ,NP, v20120207 | v20120207 | v20130331 latest new | ,NP
CanCM4_r6i1p1,NP,NP,NP,NP,NP,NP, v20120207 | v20120207 | v20130331 latest new | ,NP,NP,NP,NP, v20120207 | v20120207 | v20130331 latest new | ,NP,NP,NP, v20120207 | v20120207 | v20130331 latest new | ,NP,NP,NP,NP, v20120207 | v20120207 | v20130331 latest new | ,NP,NP,NP,NP, v20120207 | v20120207 | v20130331 latest new | ,NP, v20120207 | v20120207 | v20130331 latest new | ,NP
CanCM4_r7i1p1,NP,NP,NP,NP,NP,NP, v20120207 | v20120207 | v20130331 latest new | ,NP,NP,NP,NP, v20120207 | v20120207 | v20130331 latest new | ,NP,NP,NP, v20120207 | v20120207 | v20130331 latest new | ,NP,NP,NP,NP, v20120207 | v20120207 | v20130331 latest new | ,NP,NP,NP,NP, v20120207 | v20120207 | v20130331 latest new | ,NP, v20120207 | v20120207 | v20130331 latest new | ,NP
CanCM4_r8i1p1,NP,NP,NP,NP,NP,NP, v20120207 | v20120207 | v20130331 latest new | ,NP,NP,NP,NP, v20120207 | v20120207 | v20130331 latest new | ,NP,NP,NP, v20120207 | v20120207 | v20130331 latest new | ,NP,NP,NP,NP, v20120207 | v20120207 | v20130331 latest new | ,NP,NP,NP,NP, v20120207 | v20120207 | v20130331 latest new | ,NP, v20120207 | v20120207 | v20130331 latest new | ,NP
CanCM4_r9i1p1,NP,NP,NP,NP,NP,NP, v20120207 | v20120207 | v20130331 latest new | ,NP,NP,NP,NP, v20120207 | v20120207 | v20130331 latest new | ,NP,NP,NP, v20120207 | v20120207 | v20130331 latest new | ,NP,NP,NP,NP, v20120207 | v20120207 | v20130331 latest new | ,NP,NP,NP,NP, v20120207 | v20120207 | v20130331 latest new | ,NP, v20120207 | v20120207 | v20130331 latest new | ,NP
CanESM2_r1i1p1,NP,NP,NP, version not defined | ,NP,NP, version not defined | version not defined | ,NP,NP,NP,NP, version not defined | ,NP,NP,NP, version not defined | ,NP,NP,NP,NP, version not defined | version not defined | ,NP,NP,NP,NP, version not defined | version not defined | ,NP, version not defined | version not defined | ,NP
CanESM2_r2i1p1,NP,NP,NP, v20130331 latest on 2017-07-05 | ,NP,NP, v20130331 latest on 2017-07-05 | v20130331 latest on 2017-07-05 | ,NP,NP,NP,NP, v20130331 latest on 2017-07-05 | , v20130331 latest new | ,NP,NP, v20130331 latest on 2017-07-05 | ,NP,NP,NP,NP, v20130331 latest on 2017-07-05 | v20130331 latest on 2017-07-05 | ,NP,NP,NP,NP, v20130331 latest on 2017-07-05 | v20130331 latest on 2017-07-05 | ,NP, v20130331 latest on 2017-07-05 | v20130331 latest on 2017-07-05 | ,NP
CanESM2_r3i1p1,NP,NP,NP, v20130331 latest on 2017-07-05 | ,NP,NP, v20130331 latest on 2017-07-05 | v20130331 latest on 2017-07-05 | ,NP,NP,NP,NP, v20130331 latest on 2017-07-05 | , v20130331 latest new | ,NP,NP, v20130331 latest on 2017-07-05 | ,NP,NP,NP,NP, v20130331 latest on 2017-07-05 | v20130331 latest on 2017-07-05 | ,NP,NP,NP,NP, v20130331 latest on 2017-07-05 | v20130331 latest on 2017-07-05 | ,NP, v20130331 latest on 2017-07-05 | v20130331 latest on 2017-07-05 | ,NP
CanESM2_r4i1p1,NP,NP,NP, v20130331 latest on 2017-07-05 | ,NP,NP, v20130331 latest on 2017-07-05 | v20130331 latest on 2017-07-05 | ,NP,NP,NP,NP, version not defined to update  | v20130331 latest new | , v20130331 latest new | ,NP,NP, v20130331 latest on 2017-07-05 | ,NP,NP,NP,NP, v20130331 latest on 2017-07-05 | v20130331 latest on 2017-07-05 | ,NP,NP,NP,NP, v20120718 | v20120718 | v20120718 | v20130331 latest new | ,NP, v20130331 latest on 2017-07-05 | v20130331 latest on 2017-07-05 | ,NP
CanESM2_r5i1p1,NP,NP,NP, v20130331 latest on 2017-07-05 | ,NP,NP, v20130331 latest on 2017-07-05 | v20130331 latest on 2017-07-05 | ,NP,NP,NP,NP, v20130331 latest on 2017-07-05 | , v20130331 latest new | ,NP,NP, v20130331 latest on 2017-07-05 | ,NP,NP,NP,NP, v20130331 latest on 2017-07-05 | v20130331 latest on 2017-07-05 | ,NP,NP,NP,NP, v20130331 latest on 2017-07-05 | v20130331 latest on 2017-07-05 | ,NP, v20130331 latest on 2017-07-05 | v20130331 latest on 2017-07-05 | ,NP
EC-EARTH_r11i1p1,NP,NP,NP,NP,NP,NP, version not defined | ,NP,NP,NP,NP,NP,NP,NP,NP,NP,NP,NP,NP,NP, version not defined | ,NP,NP,NP,NP, version not defined | ,NP, version not defined | ,NP
EC-EARTH_r12i1p1,NP,NP,NP,NP,NP,NP, version not defined | ,NP,NP,NP,NP,NP,NP,NP,NP,NP,NP,NP,NP,NP, version not defined | ,NP,NP,NP,NP, version not defined | ,NP, version not defined | ,NP
EC-EARTH_r13i1p1,NP,NP,NP, version not defined | ,NP,NP,NP,NP,NP,NP,NP,NP,NP,NP,NP,NP,NP,NP,NP,NP,NP,NP,NP,NP,NP,NP,NP,NP,NP
EC-EARTH_r14i1p1,NP,NP,NP, version not defined | ,NP,NP,NP,NP,NP,NP,NP,NP,NP,NP,NP,NP,NP,NP,NP,NP,NP,NP,NP,NP,NP,NP,NP,NP,NP
EC-EARTH_r1i1p1,NP,NP,NP, version not defined | ,NP,NP,NP,NP,NP,NP,NP,NP,NP,NP,NP,NP,NP,NP,NP,NP,NP,NP,NP,NP,NP,NP,NP,NP,NP
EC-EARTH_r2i1p1,NP,NP,NP,NP,NP,NP, version not defined | ,NP,NP,NP,NP,NP,NP,NP,NP,NP,NP,NP,NP,NP, version not defined | ,NP,NP,NP,NP, version not defined | ,NP, version not defined | ,NP
EC-EARTH_r6i1p1,NP,NP,NP,NP,NP,NP, v20120403 | ,NP,NP,NP,NP,NP,NP,NP,NP,NP,NP,NP,NP,NP, v20120403 | ,NP,NP,NP,NP, v20120403 | ,NP, v20120403 | ,NP
EC-EARTH_r8i1p1,NP,NP,NP, version not defined | ,NP,NP, version not defined | ,NP,NP,NP,NP,NP,NP,NP,NP,NP,NP,NP,NP,NP, version not defined | ,NP,NP,NP,NP, version not defined | ,NP, version not defined | ,NP
EC-EARTH_r9i1p1,NP,NP,NP,NP,NP,NP, version not defined | ,NP,NP,NP,NP,NP,NP,NP,NP,NP,NP,NP,NP,NP, version not defined | ,NP,NP,NP,NP, version not defined | ,NP, version not defined | ,NP
FGOALS-g2_r1i1p1,NP,NP,NP, v1 latest on 15/04/2016 | ,NP,NP, v1 latest on 2016-09-19 to update  | ,NP,NP,NP,NP, v1 | v1 | ,NP,NP,NP, v1 | ,NP,NP,NP,NP, v1 | ,NP,NP,NP,NP, v1 latest on 2016-09-19 to update  | ,NP, v1 | ,NP
FGOALS-g2_r2i1p1,NP,NP,NP, v1 latest on 15/04/2016 | ,NP,NP, v1 latest on 2016-09-19 to update  | ,NP,NP,NP,NP, v1 | v1 | ,NP,NP,NP, v1 | ,NP,NP,NP,NP, v1 | ,NP,NP,NP,NP, v1 latest on 2016-09-19 to update  | ,NP, v1 | ,NP
FGOALS-g2_r3i1p1,NP,NP,NP, v1 | ,NP,NP, v1 latest on 2016-09-19 to update  | ,NP,NP,NP,NP, v1 | v1 | ,NP,NP,NP, v1 | ,NP,NP,NP,NP, v1 | ,NP,NP,NP,NP, v1 latest on 2016-09-19 to update  | ,NP, v1 | ,NP
FGOALS-g2_r4i1p1,NP,NP,NP, v1 | ,NP,NP, v1 latest on 2016-09-19 to update  | ,NP,NP,NP,NP, v1 | v1 | ,NP,NP,NP, v1 | ,NP,NP,NP,NP, v1 | ,NP,NP,NP,NP, v1 latest on 2016-09-19 to update  | ,NP, v1 | ,NP
FGOALS-g2_r5i1p1,NP,NP,NP, v1 latest on 15/04/2016 | ,NP,NP, v1 latest on 2016-09-19 to update  | ,NP,NP,NP,NP, v1 | v1 | ,NP,NP,NP, v1 | ,NP,NP,NP,NP, v1 | ,NP,NP,NP,NP, v1 latest on 2016-09-19 to update  | ,NP, v1 | ,NP
FGOALS-s2_r1i1p1,NP,NP,NP,NP,NP,NP,NP,NP,NP,NP,NP,NP, v1 latest new | ,NP,NP,NP,NP,NP,NP,NP,NP,NP,NP,NP,NP,NP,NP,NP,NP
FGOALS-s2_r2i1p1,NP,NP,NP, v1 latest on 2017-07-05 | ,NP,NP, v1 latest on 2017-07-05 | ,NP,NP,NP,NP, v1 latest new | ,NP,NP,NP, v1 latest new | ,NP,NP,NP,NP, v1 latest new | ,NP,NP,NP,NP, v1 latest on 2017-07-05 | ,NP, v1 latest new | ,NP
FGOALS-s2_r3i1p1,NP,NP,NP, v1 latest on 2017-07-05 | ,NP,NP, v1 latest on 2017-07-05 | ,NP,NP,NP,NP, v1 latest new | ,NP,NP,NP, v1 latest on 2017-07-05 | ,NP,NP,NP,NP, v1 latest new | ,NP,NP,NP,NP, v1 latest on 2017-07-05 | ,NP, v1 latest new | ,NP
FIO-ESM_r1i1p1,NP,NP,NP, v20121010 | ,NP,NP,NP,NP,NP,NP,NP, v20121010 | , v20121010 | ,NP,NP,NP,NP,NP,NP,NP, v20121010 | ,NP,NP,NP,NP, v20121010 | ,NP, v20121010 | ,NP
FIO-ESM_r2i1p1,NP,NP,NP, v20120522 | ,NP,NP,NP,NP,NP,NP,NP, v20120522 | ,NP,NP,NP,NP,NP,NP,NP,NP, v20120522 | ,NP,NP,NP,NP, v20120522 | ,NP, v20120522 | ,NP
FIO-ESM_r3i1p1,NP,NP,NP, version not defined | ,NP,NP,NP,NP,NP,NP,NP, version not defined | , version not defined | ,NP,NP,NP,NP,NP,NP,NP, version not defined | ,NP,NP,NP,NP, version not defined | ,NP, version not defined | ,NP
GFDL-CM2p1_r10i1p1,NP,NP,NP, v20110601 latest on 2017-07-05 | ,NP,NP, v20110601 latest on 2017-07-05 | ,NP,NP,NP,NP, v20110601 latest on 2017-07-05 | v20110601 latest on 2017-07-05 | ,NP,NP,NP, v20110601 latest on 2017-07-05 | ,NP,NP,NP,NP, v20110601 latest on 2017-07-05 | ,NP,NP,NP,NP, v20110601 latest on 2017-07-05 | ,NP,NP,NP
GFDL-CM2p1_r1i1p1,NP,NP,NP, v20110601 latest on 2017-07-05 | ,NP,NP, v20110601 latest on 2017-07-05 | ,NP,NP,NP,NP, v20110601 latest on 2017-07-05 | v20110601 latest on 2017-07-05 | ,NP,NP,NP, v20110601 latest on 2017-07-05 | ,NP,NP,NP,NP, v20110601 latest on 2017-07-05 | ,NP,NP,NP,NP, v20110601 latest on 2017-07-05 | ,NP,NP,NP
GFDL-CM2p1_r2i1p1,NP,NP,NP, v20110601 latest on 2017-07-05 | ,NP,NP, v20110601 latest on 2017-07-05 | ,NP,NP,NP,NP, v20110601 latest on 2017-07-05 | v20110601 latest on 2017-07-05 | ,NP,NP,NP, v20110601 latest on 2017-07-05 | ,NP,NP,NP,NP, v20110601 latest on 2017-07-05 | ,NP,NP,NP,NP, v20110601 latest on 2017-07-05 | ,NP,NP,NP
GFDL-CM2p1_r3i1p1,NP,NP,NP, v20110601 latest on 2017-07-05 | ,NP,NP, v20110601 latest on 2017-07-05 | ,NP,NP,NP,NP, v20110601 latest on 2017-07-05 | v20110601 latest on 2017-07-05 | ,NP,NP,NP, v20110601 latest on 2017-07-05 | ,NP,NP,NP,NP, v20110601 latest on 2017-07-05 | ,NP,NP,NP,NP, v20110601 latest on 2017-07-05 | ,NP,NP,NP
GFDL-CM2p1_r4i1p1,NP,NP,NP, v20110601 latest on 2017-07-05 | ,NP,NP, v20110601 latest on 2017-07-05 | ,NP,NP,NP,NP, v20110601 latest on 2017-07-05 | v20110601 latest on 2017-07-05 | ,NP,NP,NP, v20110601 latest on 2017-07-05 | ,NP,NP,NP,NP, v20110601 latest on 2017-07-05 | ,NP,NP,NP,NP, v20110601 latest on 2017-07-05 | ,NP,NP,NP
GFDL-CM2p1_r5i1p1,NP,NP,NP, v20110601 latest on 2017-07-05 | ,NP,NP, v20110601 latest on 2017-07-05 | ,NP,NP,NP,NP, v20110601 latest on 2017-07-05 | v20110601 latest on 2017-07-05 | ,NP,NP,NP, v20110601 latest on 2017-07-05 | ,NP,NP,NP,NP, v20110601 latest on 2017-07-05 | ,NP,NP,NP,NP, v20110601 latest on 2017-07-05 | ,NP,NP,NP
GFDL-CM2p1_r6i1p1,NP,NP,NP, v20110601 latest on 2017-07-05 | ,NP,NP, v20110601 latest on 2017-07-05 | ,NP,NP,NP,NP, v20110601 latest on 2017-07-05 | v20110601 latest on 2017-07-05 | ,NP,NP,NP, v20110601 latest on 2017-07-05 | ,NP,NP,NP,NP, v20110601 latest on 2017-07-05 | ,NP,NP,NP,NP, v20110601 latest on 2017-07-05 | ,NP,NP,NP
GFDL-CM2p1_r7i1p1,NP,NP,NP, v20110601 latest on 2017-07-05 | ,NP,NP, v20110601 latest on 2017-07-05 | ,NP,NP,NP,NP, v20110601 latest on 2017-07-05 | v20110601 latest on 2017-07-05 | ,NP,NP,NP, v20110601 latest on 2017-07-05 | ,NP,NP,NP,NP, v20110601 latest on 2017-07-05 | ,NP,NP,NP,NP, v20110601 latest on 2017-07-05 | ,NP,NP,NP
GFDL-CM2p1_r8i1p1,NP,NP,NP, v20110601 latest on 2017-07-05 | ,NP,NP, v20110601 latest on 2017-07-05 | ,NP,NP,NP,NP, v20110601 latest on 2017-07-05 | v20110601 latest on 2017-07-05 | ,NP,NP,NP, v20110601 latest on 2017-07-05 | ,NP,NP,NP,NP, v20110601 latest on 2017-07-05 | ,NP,NP,NP,NP, v20110601 latest on 2017-07-05 | ,NP,NP,NP
GFDL-CM2p1_r9i1p1,NP,NP,NP, v20110601 latest on 2017-07-05 | ,NP,NP, v20110601 latest on 2017-07-05 | ,NP,NP,NP,NP, v20110601 latest on 2017-07-05 | v20110601 latest on 2017-07-05 | ,NP,NP,NP, v20110601 latest on 2017-07-05 | ,NP,NP,NP,NP, v20110601 latest on 2017-07-05 | ,NP,NP,NP,NP, v20110601 latest on 2017-07-05 | ,NP,NP,NP
GFDL-CM3_r1i1p1,NP,NP,NP, v20110601 | v20120227 latest new | ,NP,NP, v20110601 | v20120227 latest new | ,NP,NP,NP,NP, v20110601 | v20120227 latest new | , v20110601 | v20120227 latest new | ,NP,NP, v20110601 | v20120227 latest new | ,NP,NP,NP,NP, v20110601 | v20120227 latest new | ,NP,NP,NP,NP, v20110601 | v20120227 latest new | ,NP, v20110601 | v20120227 latest new | ,NP
GFDL-CM3_r2i1p1,NP,NP,NP, v20110601 | v20120227 latest new | ,NP,NP, v20110601 | v20120227 latest new | ,NP,NP,NP,NP, v20110601 | v20120227 latest new | , v20110601 | v20120227 latest new | ,NP,NP, v20110601 | v20120227 latest new | ,NP,NP,NP,NP, v20110601 | v20120227 latest new | ,NP,NP,NP,NP, v20110601 | v20120227 latest new | ,NP, v20110601 | v20120227 latest new | ,NP
GFDL-CM3_r3i1p1,NP,NP,NP, v20110601 | v20120227 latest new | ,NP,NP, v20110601 | v20120227 latest new | ,NP,NP,NP,NP, v20110601 | v20120227 latest new | , v20110601 | v20120227 latest new | ,NP,NP, v20110601 | v20120227 latest new | ,NP,NP,NP,NP, v20110601 | v20120227 latest new | ,NP,NP,NP,NP, v20110601 | v20120227 latest new | ,NP, v20110601 | v20120227 latest new | ,NP
GFDL-CM3_r4i1p1,NP,NP,NP, v20110601 | v20120227 latest new | ,NP,NP, v20110601 | v20120227 latest new | ,NP,NP,NP,NP, v20110601 | v20120227 latest on 2017-07-05 to update  | , v20120227 latest new | ,NP,NP, v20110601 | v20120227 latest new | ,NP,NP,NP,NP, v20110601 | v20120227 latest new | ,NP,NP,NP,NP, v20110601 | v20120227 latest on 2017-07-05 to update  | ,NP, v20110601 | v20120227 latest new | ,NP
GFDL-CM3_r5i1p1,NP,NP,NP, v20110601 | v20120227 latest new | ,NP,NP, v20110601 | v20120227 latest new | ,NP,NP,NP,NP, v20110601 | v20120227 latest on 2017-07-05 to update  | , v20120227 latest new | ,NP,NP, v20110601 | v20120227 latest new | ,NP,NP,NP,NP, v20110601 | v20120227 latest new | ,NP,NP,NP,NP, v20110601 | v20120227 latest new | ,NP, v20110601 | v20120227 latest new | ,NP
GFDL-ESM2G_r1i1p1,NP,NP,NP, v20110601 | v20120412 latest new | ,NP,NP, v20110601 | v20120412 latest new | ,NP,NP,NP,NP, v20110601 | v20120412 latest new | , v20110601 | v20120412 latest new | ,NP,NP, v20110601 | v20120412 latest new | ,NP,NP,NP,NP, v20110601 | v20120412 latest new | ,NP,NP,NP,NP, v20110601 | v20120412 latest new | ,NP, v20110601 | v20120412 latest new | ,NP
GFDL-ESM2G_r2i1p1,NP,NP,NP, v20110601 | ,NP,NP, v20110601 | ,NP,NP,NP,NP, v20110601 | , v20110601 | ,NP,NP, v20110601 | ,NP,NP,NP,NP, v20110601 | ,NP,NP,NP,NP, v20110601 | ,NP,NP,NP
GFDL-ESM2G_r3i1p1,NP,NP,NP, v20110601 | ,NP,NP, v20110601 | ,NP,NP,NP,NP, v20110601 | , v20110601 | ,NP,NP, v20110601 | ,NP,NP,NP,NP, v20110601 | ,NP,NP,NP,NP, v20110601 | ,NP,NP,NP
GFDL-ESM2M_r1i1p1,NP,NP,NP, v20110601 | v20111228 latest new | ,NP,NP, v20110601 | v20111228 latest new | ,NP,NP,NP,NP, v20110601 | v20111228 latest new | , v20110601 | v20111228 latest new | ,NP,NP, v20110601 | v20111228 latest new | ,NP,NP,NP,NP, v20110601 | v20111228 latest new | ,NP,NP,NP,NP, v20110601 | v20111228 latest new | ,NP, v20110601 | v20111228 latest new | ,NP
GISS-E2-H_r1i1p1,NP,NP,NP, version not defined to update  | v20160426 latest on 2017-07-05 | ,NP,NP, version not defined to update  | v20160426 latest on 2017-07-05 | version not defined to update  | v20160426 latest on 2017-07-05 | ,NP,NP,NP,NP, v20160426 latest on 2017-07-05 | version not defined to update  | ,NP,NP,NP, v20160426 latest on 2017-07-05 | v20160426 latest on 2017-07-05 | ,NP,NP,NP,NP, version not defined to update  | v20160426 latest on 2017-07-05 | version not defined to update  | ,NP,NP,NP,NP, v20160426 latest on 2017-07-05 | v20160426 latest on 2017-07-05 | version not defined to update  | version not defined to update  | v20160426 latest on 2017-07-05 | ,NP, v20160426 latest on 2017-07-05 | v20160426 latest on 2017-07-05 | version not defined to update  | ,NP
GISS-E2-H_r1i1p2,NP,NP,NP, version not defined to update  | version not defined to update  | v20160426 latest on 2017-07-05 | ,NP,NP, version not defined to update  | version not defined to update  | v20160426 latest on 2017-07-05 | ,NP,NP,NP,NP, v20160426 latest on 2017-07-05 | version not defined to update  | , v20160426 latest new | ,NP,NP, v20160426 latest on 2017-07-05 | version not defined to update  | ,NP,NP,NP,NP, v20160426 latest on 2017-07-05 | ,NP,NP,NP,NP, version not defined to update  | v20160426 latest on 2017-07-05 | version not defined to update  | v20160426 latest on 2017-07-05 | ,NP, v20160426 latest on 2017-07-05 | ,NP
GISS-E2-H_r1i1p3,NP,NP,NP, version not defined to update  | v20160426 latest on 2017-07-05 | ,NP,NP, version not defined to update  | v20160426 latest on 2017-07-05 | ,NP,NP,NP,NP, v20160426 latest on 2017-07-05 | , v20160426 latest new | ,NP,NP, v20160426 latest on 2017-07-05 | ,NP,NP,NP,NP, v20160426 latest on 2017-07-05 | ,NP,NP,NP,NP, version not defined to update  | v20160426 latest on 2017-07-05 | v20160426 latest on 2017-07-05 | ,NP, v20160426 latest on 2017-07-05 | ,NP
GISS-E2-H_r2i1p1,NP,NP,NP, version not defined to update  | v20160426 latest on 2017-07-05 | v20160426 latest on 2017-07-05 | ,NP,NP, v20160426 latest on 2017-07-05 | version not defined to update  | version not defined to update  | v20160426 latest on 2017-07-05 | ,NP,NP,NP,NP, v20160426 latest on 2017-07-05 | version not defined to update  | ,NP,NP,NP, v20160426 latest on 2017-07-05 | v20160426 latest on 2017-07-05 | ,NP,NP,NP,NP, version not defined to update  | v20160426 latest on 2017-07-05 | ,NP,NP,NP,NP, v20160426 latest on 2017-07-05 | v20160426 latest on 2017-07-05 | version not defined to update  | version not defined to update  | v20160426 latest on 2017-07-05 | ,NP, v20160426 latest on 2017-07-05 | v20160426 latest on 2017-07-05 | ,NP
GISS-E2-H_r2i1p2,NP,NP,NP, version not defined to update  | version not defined to update  | v20160426 latest on 2017-07-05 | ,NP,NP, version not defined to update  | version not defined to update  | v20160426 latest on 2017-07-05 | ,NP,NP,NP,NP, v20160426 latest on 2017-07-05 | , version not defined to update  | v20160426 latest new | ,NP,NP, v20160426 latest on 2017-07-05 | ,NP,NP,NP,NP, v20160426 latest on 2017-07-05 | version not defined to update  | ,NP,NP,NP,NP, version not defined to update  | v20160426 latest on 2017-07-05 | version not defined to update  | v20160426 latest on 2017-07-05 | ,NP, v20160426 latest on 2017-07-05 | ,NP
GISS-E2-H_r2i1p3,NP,NP,NP, version not defined to update  | v20160426 latest on 2017-07-05 | ,NP,NP, version not defined to update  | v20160426 latest on 2017-07-05 | ,NP,NP,NP,NP, v20160426 latest on 2017-07-05 | , v20160426 latest new | ,NP,NP, v20160426 latest on 2017-07-05 | ,NP,NP,NP,NP, v20160426 latest on 2017-07-05 | ,NP,NP,NP,NP, v20160426 latest on 2017-07-05 | version not defined to update  | v20160426 latest on 2017-07-05 | ,NP, v20160426 latest on 2017-07-05 | ,NP
GISS-E2-H_r3i1p1,NP,NP,NP, version not defined to update  | version not defined to update  | v20160426 latest on 2017-07-05 | v20160426 latest on 2017-07-05 | ,NP,NP, version not defined to update  | v20160426 latest on 2017-07-05 | version not defined to update  | v20160426 latest on 2017-07-05 | ,NP,NP,NP,NP, version not defined to update  | v20160426 latest on 2017-07-05 | ,NP,NP,NP, v20160426 latest on 2017-07-05 | v20160426 latest on 2017-07-05 | ,NP,NP,NP,NP, v20160426 latest on 2017-07-05 | v20160426 latest on 2017-07-05 | ,NP,NP,NP,NP, v20160426 latest on 2017-07-05 | v20160426 latest on 2017-07-05 | version not defined to update  | version not defined to update  | v20160426 latest on 2017-07-05 | ,NP, v20160426 latest on 2017-07-05 | v20160426 latest on 2017-07-05 | ,NP
GISS-E2-H_r3i1p2,NP,NP,NP, version not defined to update  | version not defined to update  | v20160426 latest on 2017-07-05 | ,NP,NP, version not defined to update  | version not defined to update  | v20160426 latest on 2017-07-05 | ,NP,NP,NP,NP, v20160426 latest on 2017-07-05 | , v20160426 latest new | ,NP,NP, v20160426 latest on 2017-07-05 | ,NP,NP,NP,NP, v20160426 latest on 2017-07-05 | ,NP,NP,NP,NP, v20160426 latest on 2017-07-05 | version not defined to update  | version not defined to update  | v20160426 latest on 2017-07-05 | ,NP, v20160426 latest on 2017-07-05 | ,NP
GISS-E2-H_r3i1p3,NP,NP,NP, version not defined to update  | v20160426 latest on 2017-07-05 | ,NP,NP, version not defined to update  | v20160426 latest on 2017-07-05 | ,NP,NP,NP,NP, v20160426 latest on 2017-07-05 | , v20160426 latest new | ,NP,NP, v20160426 latest on 2017-07-05 | ,NP,NP,NP,NP, v20160426 latest on 2017-07-05 | ,NP,NP,NP,NP, version not defined to update  | v20160426 latest on 2017-07-05 | v20160426 latest on 2017-07-05 | ,NP, v20160426 latest on 2017-07-05 | ,NP
GISS-E2-H_r4i1p1,NP,NP,NP, version not defined to update  | v20160426 latest on 2017-07-05 | ,NP,NP, version not defined to update  | v20160426 latest on 2017-07-05 | version not defined to update  | v20160426 latest on 2017-07-05 | ,NP,NP,NP,NP, v20160426 latest on 2017-07-05 | version not defined to update  | version not defined to update  | ,NP,NP,NP, v20160426 latest on 2017-07-05 | v20160426 latest on 2017-07-05 | ,NP,NP,NP,NP, v20160426 latest on 2017-07-05 | v20160426 latest on 2017-07-05 | ,NP,NP,NP,NP, v20160426 latest on 2017-07-05 | v20160426 latest on 2017-07-05 | version not defined to update  | version not defined to update  | v20160426 latest on 2017-07-05 | ,NP, v20160426 latest on 2017-07-05 | v20160426 latest on 2017-07-05 | version not defined to update  | ,NP
GISS-E2-H_r4i1p2,NP,NP,NP, version not defined to update  | version not defined to update  | v20160426 latest on 2017-07-05 | ,NP,NP, version not defined to update  | version not defined to update  | v20160426 latest on 2017-07-05 | ,NP,NP,NP,NP, v20160426 latest on 2017-07-05 | version not defined to update  | , v20160426 latest new | ,NP,NP, v20160426 latest on 2017-07-05 | ,NP,NP,NP,NP, v20160426 latest on 2017-07-05 | ,NP,NP,NP,NP, v20160426 latest on 2017-07-05 | version not defined to update  | version not defined to update  | v20160426 latest on 2017-07-05 | ,NP, v20160426 latest on 2017-07-05 | ,NP
GISS-E2-H_r4i1p3,NP,NP,NP, version not defined to update  | v20160426 latest on 2017-07-05 | ,NP,NP, version not defined to update  | v20160426 latest on 2017-07-05 | ,NP,NP,NP,NP, v20160426 latest on 2017-07-05 | , v20160426 latest new | ,NP,NP, v20160426 latest on 2017-07-05 | ,NP,NP,NP,NP, v20160426 latest on 2017-07-05 | ,NP,NP,NP,NP, version not defined to update  | v20160426 latest on 2017-07-05 | v20160426 latest on 2017-07-05 | ,NP, v20160426 latest on 2017-07-05 | ,NP
GISS-E2-H_r5i1p1,NP,NP,NP, version not defined to update  | v20160426 latest on 2017-07-05 | ,NP,NP, v20160426 latest on 2017-07-05 | version not defined to update  | version not defined to update  | v20160426 latest on 2017-07-05 | ,NP,NP,NP,NP, v20160426 latest on 2017-07-05 | version not defined to update  | ,NP,NP,NP, v20160426 latest on 2017-07-05 | v20160426 latest on 2017-07-05 | ,NP,NP,NP,NP, v20160426 latest on 2017-07-05 | v20160426 latest on 2017-07-05 | ,NP,NP,NP,NP, v20160426 latest on 2017-07-05 | v20160426 latest on 2017-07-05 | version not defined to update  | version not defined to update  | v20160426 latest on 2017-07-05 | ,NP, v20160426 latest on 2017-07-05 | v20160426 latest on 2017-07-05 | ,NP
GISS-E2-H_r5i1p2,NP,NP,NP, version not defined to update  | version not defined to update  | v20160426 latest on 2017-07-05 | ,NP,NP, version not defined to update  | version not defined to update  | v20160426 latest on 2017-07-05 | ,NP,NP,NP,NP, v20160426 latest on 2017-07-05 | , v20160426 latest new | ,NP,NP, v20160426 latest on 2017-07-05 | ,NP,NP,NP,NP, v20160426 latest on 2017-07-05 | ,NP,NP,NP,NP, version not defined to update  | v20160426 latest on 2017-07-05 | version not defined to update  | v20160426 latest on 2017-07-05 | ,NP, v20160426 latest on 2017-07-05 | ,NP
GISS-E2-H_r5i1p3,NP,NP,NP, version not defined to update  | v20160426 latest on 2017-07-05 | ,NP,NP, version not defined to update  | v20160426 latest on 2017-07-05 | ,NP,NP,NP,NP, v20160426 latest on 2017-07-05 | , v20160426 latest new | ,NP,NP, v20160426 latest on 2017-07-05 | ,NP,NP,NP,NP, v20160426 latest on 2017-07-05 | ,NP,NP,NP,NP, version not defined to update  | v20160426 latest on 2017-07-05 | v20160426 latest on 2017-07-05 | ,NP, v20160426 latest on 2017-07-05 | ,NP
GISS-E2-H_r6i1p1,NP,NP,NP, version not defined to update  | v20160426 latest on 2017-07-05 | ,NP,NP, version not defined to update  | v20160426 latest on 2017-07-05 | ,NP,NP,NP,NP, v20160426 latest on 2017-07-05 | ,NP,NP,NP, v20160426 latest on 2017-07-05 | ,NP,NP,NP,NP, v20160426 latest on 2017-07-05 | ,NP,NP,NP,NP, version not defined to update  | v20130314 | v20160426 latest on 2017-07-05 | ,NP, v20160426 latest on 2017-07-05 | ,NP
GISS-E2-H_r6i1p2,NP,NP,NP, v20160426 latest on 2017-07-05 | ,NP,NP, v20160426 latest on 2017-07-05 | v20160426 latest on 2017-07-05 | ,NP,NP,NP,NP, v20160426 latest on 2017-07-05 | , v20160426 latest new | ,NP,NP, v20160426 latest on 2017-07-05 | ,NP,NP,NP,NP, v20160426 latest on 2017-07-05 | ,NP,NP,NP,NP, v20160426 latest on 2017-07-05 | v20160426 latest on 2017-07-05 | ,NP, v20160426 latest on 2017-07-05 | ,NP
GISS-E2-H_r6i1p3,NP,NP,NP, version not defined to update  | v20160426 latest on 2017-07-05 | ,NP,NP, version not defined to update  | v20160426 latest on 2017-07-05 | ,NP,NP,NP,NP, v20160426 latest on 2017-07-05 | , v20160426 latest new | ,NP,NP, v20160426 latest on 2017-07-05 | ,NP,NP,NP,NP, v20160426 latest on 2017-07-05 | ,NP,NP,NP,NP, version not defined to update  | v20130314 | v20160426 latest on 2017-07-05 | ,NP, v20160426 latest on 2017-07-05 | ,NP
GISS-E2-H-CC_r1i1p1,NP,NP,NP, v20120723 | v20160426 latest on 2017-07-05 | ,NP,NP, version not defined to update  | v20120723 | v20160426 latest on 2017-07-05 | ,NP,NP,NP,NP, v20160426 latest on 2017-07-05 | v20120723 | ,NP,NP,NP, v20160426 latest on 2017-07-05 | v20120723 | ,NP,NP,NP,NP, v20160426 latest on 2017-07-05 | ,NP,NP,NP,NP, version not defined to update  | v20120723 | v20160426 latest on 2017-07-05 | ,NP, v20160426 latest on 2017-07-05 | ,NP
GISS-E2-R_r1i1p1,NP,NP,NP, version not defined to update  | v20121015 | v20160502 latest on 2017-07-05 | ,NP,NP, v20160502 latest on 2017-07-05 | version not defined to update  | v20121015 | v20160502 latest on 2017-07-05 | ,NP,NP,NP,NP, version not defined to update  | v20121015 | v20160502 latest new | ,NP,NP,NP, v20160502 latest on 2017-07-05 | ,NP,NP,NP,NP, v20160502 latest on 2017-07-05 | v20160502 latest on 2017-07-05 | ,NP,NP,NP,NP, version not defined to update  | v20160502 latest on 2017-07-05 | v20121015 | v20160502 latest on 2017-07-05 | ,NP, version not defined to update  | v20160502 latest on 2017-07-05 | ,NP
GISS-E2-R_r1i1p121,NP,NP,NP, version not defined to update  | v20160502 latest on 2017-07-05 | ,NP,NP, version not defined to update  | v20160502 latest on 2017-07-05 | ,NP,NP,NP,NP, v20160502 latest on 2017-07-05 | ,NP,NP,NP, v20160502 latest new | ,NP,NP,NP,NP, v20160502 latest on 2017-07-05 | ,NP,NP,NP,NP, version not defined to update  | v20120620 | v20160502 latest on 2017-07-05 | ,NP, v20160502 latest on 2017-07-05 | ,NP
GISS-E2-R_r1i1p122,NP,NP,NP, version not defined to update  | v20160502 latest on 2017-07-05 | ,NP,NP, v20160502 latest on 2017-07-05 | ,NP,NP,NP,NP, v20160502 latest new | ,NP,NP,NP, v20160502 latest new | ,NP,NP,NP,NP, v20160502 latest new | ,NP,NP,NP,NP, v20120620 | v20160502 latest on 2017-07-05 | ,NP, v20160502 latest on 2017-07-05 | ,NP
GISS-E2-R_r1i1p123,NP,NP,NP, v20160502 latest on 2017-07-05 | ,NP,NP, v20160502 latest on 2017-07-05 | ,NP,NP,NP,NP, v20160502 latest new | ,NP,NP,NP, v20160502 latest new | ,NP,NP,NP,NP, v20160502 latest new | ,NP,NP,NP,NP, v20160502 latest on 2017-07-05 | ,NP, v20160502 latest new | ,NP
GISS-E2-R_r1i1p124,NP,NP,NP, version not defined to update  | v20160502 latest on 2017-07-05 | ,NP,NP, version not defined to update  | v20160502 latest on 2017-07-05 | ,NP,NP,NP,NP, v20160502 latest on 2017-07-05 | ,NP,NP,NP, v20160502 latest new | ,NP,NP,NP,NP, v20160502 latest on 2017-07-05 | ,NP,NP,NP,NP, version not defined to update  | v20120620 | v20160502 latest on 2017-07-05 | ,NP, v20160502 latest on 2017-07-05 | ,NP
GISS-E2-R_r1i1p125,NP,NP,NP, version not defined to update  | v20160502 latest on 2017-07-05 | ,NP,NP, version not defined to update  | v20160502 latest on 2017-07-05 | ,NP,NP,NP,NP, v20160502 latest on 2017-07-05 | ,NP,NP,NP, v20160502 latest new | ,NP,NP,NP,NP, v20160502 latest on 2017-07-05 | ,NP,NP,NP,NP, version not defined to update  | v20120620 | v20160502 latest on 2017-07-05 | ,NP, v20160502 latest on 2017-07-05 | ,NP
GISS-E2-R_r1i1p126,NP,NP,NP, version not defined to update  | v20160502 latest on 2017-07-05 | ,NP,NP, version not defined to update  | v20160502 latest on 2017-07-05 | ,NP,NP,NP,NP, v20160502 latest on 2017-07-05 | ,NP,NP,NP, v20160502 latest new | ,NP,NP,NP,NP, v20160502 latest on 2017-07-05 | ,NP,NP,NP,NP, version not defined to update  | v20121211 | v20160502 latest on 2017-07-05 | ,NP, v20160502 latest on 2017-07-05 | ,NP
GISS-E2-R_r1i1p127,NP,NP,NP, version not defined to update  | v20160502 latest on 2017-07-05 | ,NP,NP, version not defined to update  | v20160502 latest on 2017-07-05 | ,NP,NP,NP,NP, v20160502 latest on 2017-07-05 | ,NP,NP,NP, v20160502 latest new | ,NP,NP,NP,NP, v20160502 latest on 2017-07-05 | ,NP,NP,NP,NP, version not defined to update  | v20120827 | v20160502 latest on 2017-07-05 | ,NP, v20160502 latest on 2017-07-05 | ,NP
GISS-E2-R_r1i1p128,NP,NP,NP, version not defined to update  | v20160502 latest on 2017-07-05 | ,NP,NP, version not defined to update  | v20160502 latest on 2017-07-05 | ,NP,NP,NP,NP, v20160502 latest on 2017-07-05 | ,NP,NP,NP, v20160502 latest new | ,NP,NP,NP,NP, v20160502 latest on 2017-07-05 | ,NP,NP,NP,NP, version not defined to update  | v20121213 | v20160502 latest on 2017-07-05 | ,NP, v20160502 latest on 2017-07-05 | ,NP
GISS-E2-R_r1i1p2,NP,NP,NP, version not defined to update  | v20121015 | v20160502 latest on 2017-07-05 | ,NP,NP, version not defined to update  | v20121015 | v20160502 latest on 2017-07-05 | ,NP,NP,NP,NP, v20160502 latest on 2017-07-05 | , v20121015 | v20160502 latest new | ,NP,NP, v20160502 latest new | ,NP,NP,NP,NP, v20160502 latest on 2017-07-05 | ,NP,NP,NP,NP, version not defined to update  | v20121015 | v20160502 latest on 2017-07-05 | ,NP, v20160502 latest on 2017-07-05 | ,NP
GISS-E2-R_r1i1p3,NP,NP,NP, version not defined to update  | v20121015 | v20160503 latest on 2017-07-05 | ,NP,NP, v20160503 latest on 2017-07-05 | version not defined to update  | v20121015 | v20160503 latest on 2017-07-05 | ,NP,NP,NP,NP, version not defined to update  | v20160503 latest new | , version not defined to update  | v20160503 latest new | ,NP,NP, version not defined to update  | v20121015 | v20160503 latest new | ,NP,NP,NP,NP, v20160503 latest on 2017-07-05 | v20160503 latest on 2017-07-05 | ,NP,NP,NP,NP, version not defined to update  | version not defined to update  | v20121015 | v20160503 latest on 2017-07-05 | ,NP, v20160503 latest on 2017-07-05 | v20160503 latest on 2017-07-05 | ,NP
GISS-E2-R_r2i1p1,NP,NP,NP, version not defined to update  | v20121015 | v20160503 latest on 2017-07-05 | ,NP,NP, version not defined to update  | v20121015 | v20160503 latest on 2017-07-05 | ,NP,NP,NP,NP, v20160503 latest on 2017-07-05 | ,NP,NP,NP, v20121015 | v20160503 latest new | ,NP,NP,NP,NP, v20160503 latest on 2017-07-05 | v20121015 | ,NP,NP,NP,NP, version not defined to update  | v20121015 | v20160503 latest on 2017-07-05 | ,NP, v20160503 latest on 2017-07-05 | v20121015 | ,NP
GISS-E2-R_r2i1p2,NP,NP,NP, version not defined to update  | v20121015 | v20160503 latest on 2017-07-05 | ,NP,NP, version not defined to update  | v20121015 | v20160503 latest on 2017-07-05 | ,NP,NP,NP,NP, v20160503 latest on 2017-07-05 | , v20160503 latest new | ,NP,NP, v20121015 | v20160503 latest new | ,NP,NP,NP,NP, v20160503 latest on 2017-07-05 | ,NP,NP,NP,NP, version not defined to update  | v20121015 | v20160503 latest on 2017-07-05 | ,NP, v20160503 latest on 2017-07-05 | ,NP
GISS-E2-R_r2i1p3,NP,NP,NP, version not defined to update  | v20121015 | v20160503 latest on 2017-07-05 | ,NP,NP, version not defined to update  | version not defined to update  | v20121015 | v20160503 latest on 2017-07-05 | ,NP,NP,NP,NP, version not defined to update  | v20160503 latest new | , version not defined to update  | v20121015 | v20160503 latest new | ,NP,NP, v20160503 latest on 2017-07-05 | ,NP,NP,NP,NP, v20160503 latest on 2017-07-05 | v20160503 latest on 2017-07-05 | ,NP,NP,NP,NP, version not defined to update  | v20160503 latest on 2017-07-05 | v20121015 | v20160503 latest on 2017-07-05 | ,NP, version not defined to update  | v20160503 latest on 2017-07-05 | v20121015 | ,NP
GISS-E2-R_r3i1p1,NP,NP,NP, version not defined to update  | v20121015 | v20160503 latest on 2017-07-05 | ,NP,NP, version not defined to update  | v20121015 | v20160503 latest on 2017-07-05 | ,NP,NP,NP,NP, v20160503 latest on 2017-07-05 | ,NP,NP,NP, v20160503 latest new | ,NP,NP,NP,NP, v20160503 latest on 2017-07-05 | ,NP,NP,NP,NP, version not defined to update  | v20121015 | v20160503 latest on 2017-07-05 | ,NP, v20160503 latest on 2017-07-05 | v20121015 | ,NP
GISS-E2-R_r3i1p2,NP,NP,NP, version not defined to update  | v20121015 | v20160503 latest on 2017-07-05 | ,NP,NP, version not defined to update  | v20121015 | v20160503 latest on 2017-07-05 | ,NP,NP,NP,NP, v20160503 latest on 2017-07-05 | v20121015 | , v20121015 | v20160503 latest new | ,NP,NP, v20160503 latest new | ,NP,NP,NP,NP, v20160503 latest on 2017-07-05 | ,NP,NP,NP,NP, version not defined to update  | v20121015 | v20160503 latest on 2017-07-05 | ,NP, v20160503 latest on 2017-07-05 | ,NP
GISS-E2-R_r3i1p3,NP,NP,NP, version not defined to update  | v20121015 | v20160503 latest on 2017-07-05 | ,NP,NP, version not defined to update  | v20160503 latest on 2017-07-05 | v20121015 | v20160503 latest on 2017-07-05 | ,NP,NP,NP,NP, version not defined to update  | v20160503 latest new | , version not defined to update  | v20121015 | v20160503 latest new | ,NP,NP, version not defined to update  | v20160503 latest new | ,NP,NP,NP,NP, v20160503 latest on 2017-07-05 | v20160503 latest on 2017-07-05 | v20121015 | ,NP,NP,NP,NP, version not defined to update  | v20160503 latest on 2017-07-05 | v20121015 | v20160503 latest on 2017-07-05 | ,NP, v20160503 latest on 2017-07-05 | v20160503 latest on 2017-07-05 | ,NP
GISS-E2-R_r4i1p1,NP,NP,NP, version not defined to update  | v20121015 | v20160503 latest on 2017-07-05 | ,NP,NP, version not defined to update  | v20121015 | v20160503 latest on 2017-07-05 | ,NP,NP,NP,NP, v20160503 latest on 2017-07-05 | ,NP,NP,NP, v20160503 latest new | ,NP,NP,NP,NP, v20160503 latest on 2017-07-05 | ,NP,NP,NP,NP, version not defined to update  | v20121015 | v20160503 latest on 2017-07-05 | ,NP, v20160503 latest on 2017-07-05 | ,NP
GISS-E2-R_r4i1p2,NP,NP,NP, version not defined to update  | v20121015 | v20160503 latest on 2017-07-05 | ,NP,NP, version not defined to update  | v20121015 | v20160503 latest on 2017-07-05 | ,NP,NP,NP,NP, v20160503 latest on 2017-07-05 | , v20160503 latest new | ,NP,NP, v20160503 latest new | ,NP,NP,NP,NP, v20160503 latest on 2017-07-05 | ,NP,NP,NP,NP, version not defined to update  | v20121015 | v20160503 latest on 2017-07-05 | ,NP, v20160503 latest on 2017-07-05 | ,NP
GISS-E2-R_r4i1p3,NP,NP,NP, version not defined to update  | v20121015 | v20160503 latest on 2017-07-05 | ,NP,NP, version not defined to update  | v20160503 latest on 2017-07-05 | v20121015 | v20160503 latest on 2017-07-05 | ,NP,NP,NP,NP, version not defined to update  | v20160503 latest new | , version not defined to update  | v20160503 latest new | ,NP,NP, v20160503 latest on 2017-07-05 | v20121015 | ,NP,NP,NP,NP, v20160503 latest on 2017-07-05 | v20160503 latest on 2017-07-05 | v20121015 | ,NP,NP,NP,NP, v20160503 latest on 2017-07-05 | version not defined to update  | v20121015 | v20160503 latest on 2017-07-05 | ,NP, v20160503 latest on 2017-07-05 | v20160503 latest on 2017-07-05 | ,NP
GISS-E2-R_r5i1p1,NP,NP,NP, version not defined to update  | v20121015 | v20160503 latest on 2017-07-05 | ,NP,NP, version not defined to update  | v20121015 | v20160503 latest on 2017-07-05 | ,NP,NP,NP,NP, v20160503 latest on 2017-07-05 | v20121015 | ,NP,NP,NP, v20160503 latest new | ,NP,NP,NP,NP, v20160503 latest on 2017-07-05 | ,NP,NP,NP,NP, version not defined to update  | v20121015 | v20160503 latest on 2017-07-05 | ,NP, v20160503 latest on 2017-07-05 | ,NP
GISS-E2-R_r5i1p2,NP,NP,NP, version not defined to update  | v20121015 | v20160503 latest on 2017-07-05 | ,NP,NP, version not defined to update  | v20121015 | v20160503 latest on 2017-07-05 | ,NP,NP,NP,NP, v20160503 latest on 2017-07-05 | , v20160503 latest new | ,NP,NP, v20160503 latest new | ,NP,NP,NP,NP, v20160503 latest on 2017-07-05 | ,NP,NP,NP,NP, version not defined to update  | v20121015 | v20160503 latest on 2017-07-05 | ,NP, v20160503 latest on 2017-07-05 | ,NP
GISS-E2-R_r5i1p3,NP,NP,NP, version not defined to update  | v20121015 | v20160503 latest on 2017-07-05 | ,NP,NP, version not defined to update  | v20121015 | v20160503 latest on 2017-07-05 | ,NP,NP,NP,NP, v20160503 latest on 2017-07-05 | , v20160503 latest new | ,NP,NP, v20160503 latest new | ,NP,NP,NP,NP, v20160503 latest on 2017-07-05 | ,NP,NP,NP,NP, version not defined to update  | v20121015 | v20160503 latest on 2017-07-05 | ,NP, v20160503 latest on 2017-07-05 | ,NP
GISS-E2-R_r6i1p1,NP,NP,NP, version not defined to update  | v20121015 | v20160503 latest on 2017-07-05 | ,NP,NP, version not defined to update  | v20121015 | v20160503 latest on 2017-07-05 | ,NP,NP,NP,NP, v20160503 latest on 2017-07-05 | ,NP,NP,NP, v20160503 latest new | ,NP,NP,NP,NP, v20160503 latest on 2017-07-05 | ,NP,NP,NP,NP, version not defined to update  | v20121015 | v20160503 latest on 2017-07-05 | ,NP, v20160503 latest on 2017-07-05 | ,NP
GISS-E2-R_r6i1p2,NP,NP,NP, version not defined to update  | v20121015 | v20160503 latest on 2017-07-05 | ,NP,NP, version not defined to update  | v20121015 | v20160503 latest on 2017-07-05 | ,NP,NP,NP,NP, v20160503 latest on 2017-07-05 | v20121015 | , v20160503 latest new | ,NP,NP, v20160503 latest new | ,NP,NP,NP,NP, v20160503 latest on 2017-07-05 | ,NP,NP,NP,NP, version not defined to update  | v20121015 | v20160503 latest on 2017-07-05 | ,NP, v20160503 latest on 2017-07-05 | v20121015 | ,NP
GISS-E2-R_r6i1p3,NP,NP,NP, version not defined to update  | v20121015 | v20160503 latest on 2017-07-05 | ,NP,NP, version not defined to update  | v20121015 | v20160503 latest on 2017-07-05 | ,NP,NP,NP,NP, v20160503 latest on 2017-07-05 | v20121015 | , v20160503 latest new | ,NP,NP, v20160503 latest new | ,NP,NP,NP,NP, v20160503 latest on 2017-07-05 | ,NP,NP,NP,NP, version not defined to update  | v20121015 | v20160503 latest on 2017-07-05 | ,NP, v20160503 latest on 2017-07-05 | ,NP
GISS-E2-R-CC_r1i1p1,NP,NP,NP, v20120720 | v20160502 latest on 2017-07-05 | ,NP,NP, version not defined to update  | v20120720 | v20160502 latest on 2017-07-05 | ,NP,NP,NP,NP, v20120720 | v20160502 latest new | ,NP,NP,NP, v20120720 | v20160502 latest new | ,NP,NP,NP,NP, v20160502 latest on 2017-07-05 | ,NP,NP,NP,NP, version not defined to update  | v20120720 | v20160502 latest on 2017-07-05 | ,NP, v20160502 latest on 2017-07-05 | ,NP
HadCM3_r10i1p1,NP,NP,NP, v20110728 latest on 15/04/2016 | ,NP,NP, v20110728 latest on 2016-09-19 to update  | ,NP,NP,NP,NP, v20110728 | v20110728 | ,NP,NP,NP, v20110728 | ,NP,NP,NP,NP, v20110728 | ,NP,NP,NP,NP, v20110728 latest on 2016-09-19 to update  | v20110728 latest on 2016-09-19 to update  | ,NP, v20110728 | ,NP
HadCM3_r1i1p1,NP,NP,NP, v20110823 latest on 15/04/2016 | ,NP,NP, v20110823 latest on 2016-09-19 to update  | v20110823 latest on 2016-09-19 to update  | ,NP,NP,NP,NP, v20110823 | v20110823 | ,NP,NP,NP, v20110823 | v20110823 | ,NP,NP,NP,NP, v20110823 | v20110823 | ,NP,NP,NP,NP, v20110823 latest on 2016-09-19 to update  | v20110823 latest on 2016-09-19 to update  | ,NP, v20110823 | v20110823 | ,NP
HadCM3_r2i1p1,NP,NP,NP, v20110728 latest on 15/04/2016 | ,NP,NP, v20110728 latest on 2016-09-19 to update  | ,NP,NP,NP,NP, v20110728 | v20110728 | ,NP,NP,NP, v20110728 | ,NP,NP,NP,NP, v20110728 | ,NP,NP,NP,NP, v20110728 latest on 2016-09-19 to update  | v20110728 latest on 2016-09-19 to update  | ,NP, v20110728 | ,NP
HadCM3_r3i1p1,NP,NP,NP, v20110905 latest on 15/04/2016 | ,NP,NP, v20110905 latest on 2016-09-19 to update  | v20110905 latest on 2016-09-19 to update  | ,NP,NP,NP,NP, v20110905 | v20110905 | ,NP,NP,NP, v20110905 | v20110905 | ,NP,NP,NP,NP, v20110905 | v20110905 | ,NP,NP,NP,NP, v20110905 latest on 2016-09-19 to update  | v20110905 latest on 2016-09-19 to update  | ,NP, v20110905 | v20110905 | ,NP
HadCM3_r4i1p1,NP,NP,NP, v20110728 latest on 15/04/2016 | ,NP,NP, v20110728 latest on 2016-09-19 to update  | ,NP,NP,NP,NP, v20110728 | v20110728 | ,NP,NP,NP, v20110728 | ,NP,NP,NP,NP, v20110728 | ,NP,NP,NP,NP, v20110728 latest on 2016-09-19 to update  | v20110728 latest on 2016-09-19 to update  | ,NP, v20110728 | ,NP
HadCM3_r5i1p1,NP,NP,NP, v20110905 latest on 15/04/2016 | ,NP,NP, v20110905 latest on 2016-09-19 to update  | v20110905 latest on 2016-09-19 to update  | ,NP,NP,NP,NP, v20110905 | v20110905 | ,NP,NP,NP, v20110905 | v20110905 | ,NP,NP,NP,NP, v20110905 | v20110905 | ,NP,NP,NP,NP, v20110905 latest on 2016-09-19 to update  | v20110905 latest on 2016-09-19 to update  | ,NP, v20110905 | v20110905 | ,NP
HadCM3_r6i1p1,NP,NP,NP, v20110728 latest on 15/04/2016 | ,NP,NP, v20110728 latest on 2016-09-19 to update  | ,NP,NP,NP,NP, v20110728 | v20110728 | ,NP,NP,NP, v20110728 | ,NP,NP,NP,NP, v20110728 | ,NP,NP,NP,NP, v20110728 latest on 2016-09-19 to update  | v20110728 latest on 2016-09-19 to update  | ,NP, v20110728 | ,NP
HadCM3_r7i1p1,NP,NP,NP, v20110728 latest on 15/04/2016 | ,NP,NP, v20110728 latest on 2016-09-19 to update  | ,NP,NP,NP,NP, v20110728 | v20110728 | ,NP,NP,NP, v20110728 | ,NP,NP,NP,NP, v20110728 | ,NP,NP,NP,NP, v20110728 latest on 2016-09-19 to update  | v20110728 latest on 2016-09-19 to update  | ,NP, v20110728 | ,NP
HadCM3_r8i1p1,NP,NP,NP, v20110905 latest on 15/04/2016 | ,NP,NP, v20110905 latest on 2016-09-19 to update  | v20110905 latest on 2016-09-19 to update  | ,NP,NP,NP,NP, v20110905 | v20110905 | ,NP,NP,NP, v20110905 | v20110905 | ,NP,NP,NP,NP, v20110905 | v20110905 | ,NP,NP,NP,NP, v20110905 latest on 2016-09-19 to update  | v20110905 latest on 2016-09-19 to update  | ,NP, v20110905 | v20110905 | ,NP
HadCM3_r9i1p1,NP,NP,NP, v20110728 latest on 15/04/2016 | ,NP,NP, v20110728 latest on 2016-09-19 to update  | ,NP,NP,NP,NP, v20110728 | v20110728 | ,NP,NP,NP, v20110728 | ,NP,NP,NP,NP, v20110728 | ,NP,NP,NP,NP, v20110728 latest on 2016-09-19 to update  | v20110728 latest on 2016-09-19 to update  | ,NP, v20110728 | ,NP
HadGEM2-AO_r1i1p1,NP,NP,NP, v20130815 latest on 2017-07-05 to update  | ,NP,NP, v20130815 latest on 2017-07-05 to update  | ,NP,NP,NP,NP,NP,NP,NP,NP,NP,NP,NP,NP,NP, v20130815 latest on 2017-07-05 to update  | ,NP,NP,NP,NP, version not defined to update  | v20130815 latest on 2017-07-05 to update  | ,NP, v20130815 latest on 2017-07-05 to update  | ,NP
HadGEM2-AO_r2i1p1,NP,NP,NP, version not defined | ,NP,NP, version not defined | ,NP,NP,NP,NP,NP,NP,NP,NP,NP,NP,NP,NP,NP,NP,NP,NP,NP,NP, version not defined | ,NP,NP,NP
HadGEM2-AO_r3i1p1,NP,NP,NP, version not defined | ,NP,NP, version not defined | ,NP,NP,NP,NP,NP,NP,NP,NP,NP,NP,NP,NP,NP,NP,NP,NP,NP,NP, version not defined | ,NP,NP,NP
HadGEM2-CC_r1i1p1,NP,NP,NP, v20110927 latest on 15/04/2016 | ,NP,NP, v20110927 latest on 2016-09-19 to update  | v20110927 latest on 2016-09-19 to update  | ,NP,NP,NP,NP, v20110927 | v20110927 | ,NP,NP,NP, v20110927 | v20110927 | ,NP,NP,NP,NP, v20110927 | v20110927 | ,NP,NP,NP,NP, v20110927 latest on 2016-09-19 to update  | v20110927 latest on 2016-09-19 to update  | ,NP, v20110927 | v20110927 | ,NP
HadGEM2-CC_r2i1p1,NP,NP,NP, v20111129 latest on 15/04/2016 | ,NP,NP, v20111129 latest on 2016-09-19 to update  | v20111129 latest on 2016-09-19 to update  | ,NP,NP,NP,NP, v20111129 | v20111129 | v20111129 | ,NP,NP,NP, v20111129 | v20111129 | ,NP,NP,NP,NP, v20111129 | v20111129 | ,NP,NP,NP,NP, v20111129 latest on 2016-09-19 to update  | v20111129 latest on 2016-09-19 to update  | v20111129 latest on 2016-09-19 to update  | ,NP, v20111129 | v20111129 | ,NP
HadGEM2-CC_r3i1p1,NP,NP,NP, v20111208 latest on 15/04/2016 | ,NP,NP, v20111208 latest on 2016-09-19 to update  | v20111208 latest on 2016-09-19 to update  | ,NP,NP,NP,NP, v20111208 | v20111208 | ,NP,NP,NP, v20111208 | v20111208 | ,NP,NP,NP,NP, v20111208 | v20111208 | ,NP,NP,NP,NP, v20111208 latest on 2016-09-19 to update  | v20111208 latest on 2016-09-19 to update  | v20111208 latest on 2016-09-19 to update  | ,NP, v20111208 | v20111208 | ,NP
HadGEM2-ES_r1i1p1,NP,NP,NP, v20110329 | v20120928 | ,NP,NP, v20110329 | v20120928 latest on 2016-09-19 to update  | ,NP,NP,NP,NP, v20110329 | v20120928 | ,NP,NP,NP, v20110329 | v20120928 | ,NP,NP,NP,NP, v20110329 | v20120928 | ,NP,NP,NP,NP, v20110329 | v20120928 latest on 2016-09-19 to update  | ,NP, v20110329 | v20120928 | ,NP
HadGEM2-ES_r2i1p1,NP,NP,NP, v20110418 latest on 15/04/2016 | ,NP,NP, v20110418 latest on 2016-09-19 to update  | v20110418 latest on 2016-09-19 to update  | ,NP,NP,NP,NP, v20110418 | v20110418 | ,NP,NP,NP, v20110418 | v20110418 | ,NP,NP,NP,NP, v20110418 | v20110418 | ,NP,NP,NP,NP, v20110418 latest on 2016-09-19 to update  | v20110418 latest on 2016-09-19 to update  | ,NP, v20110418 | v20110418 | ,NP
HadGEM2-ES_r3i1p1,NP,NP,NP, v20110418 latest on 15/04/2016 | ,NP,NP, v20110418 latest on 2016-09-19 to update  | v20110418 latest on 2016-09-19 to update  | ,NP,NP,NP,NP, v20110418 | v20110418 | ,NP,NP,NP, v20110418 | v20110418 | ,NP,NP,NP,NP, v20110418 | v20110418 | ,NP,NP,NP,NP, v20110418 latest on 2016-09-19 to update  | v20110418 latest on 2016-09-19 to update  | ,NP, v20110418 | v20110418 | ,NP
HadGEM2-ES_r4i1p1,NP,NP,NP, v20110418 latest on 15/04/2016 | ,NP,NP, v20110418 latest on 2016-09-19 to update  | v20110418 latest on 2016-09-19 to update  | ,NP,NP,NP,NP, v20110418 | v20110418 | ,NP,NP,NP, v20110418 | v20110418 | ,NP,NP,NP,NP, v20110418 | v20110418 | ,NP,NP,NP,NP, v20110418 latest on 2016-09-19 to update  | v20110418 latest on 2016-09-19 to update  | ,NP, v20110418 | v20110418 | ,NP
HadGEM2-ES_r5i1p1,NP,NP,NP, version not defined | ,NP,NP, version not defined | ,NP,NP,NP,NP, version not defined | ,NP,NP,NP, version not defined | ,NP,NP,NP,NP, version not defined | ,NP,NP,NP,NP, v20130312 | v20130312 | ,NP, version not defined | ,NP
IPSL-CM5A-LR_r1i1p1,NP,NP,NP, v20110406 latest on 2017-07-05 | ,NP,NP, v20110406 latest on 2017-07-05 | ,NP,NP,NP,NP, v20110406 latest on 2017-07-05 | , v20110406 latest on 2017-07-05 | ,NP,NP, v20110406 latest on 2017-07-05 | ,NP,NP,NP,NP, v20110406 latest on 2017-07-05 | ,NP,NP,NP,NP, v20110406 latest on 2017-07-05 | ,NP, v20110406 latest on 2017-07-05 | ,NP
IPSL-CM5A-LR_r2i1p1,NP,NP,NP, v20110406 latest on 2017-07-05 | ,NP,NP, v20110406 latest on 2017-07-05 | ,NP,NP,NP,NP, v20110406 latest on 2017-07-05 | , v20110406 latest on 2017-07-05 | ,NP,NP, v20110406 latest on 2017-07-05 | ,NP,NP,NP,NP, v20110406 latest on 2017-07-05 | ,NP,NP,NP,NP, v20110406 latest on 2017-07-05 | ,NP, v20110406 latest on 2017-07-05 | ,NP
IPSL-CM5A-LR_r3i1p1,NP,NP,NP, v20110406 latest on 2017-07-05 | ,NP,NP, v20110406 latest on 2017-07-05 | ,NP,NP,NP,NP, v20110406 latest on 2017-07-05 | , v20110406 latest on 2017-07-05 | ,NP,NP, v20110406 latest on 2017-07-05 | ,NP,NP,NP,NP, v20110406 latest on 2017-07-05 | ,NP,NP,NP,NP, v20110406 latest on 2017-07-05 | v20110406 latest on 2017-07-05 | ,NP, v20110406 latest on 2017-07-05 | ,NP
IPSL-CM5A-LR_r4i1p1,NP,NP,NP, v20110406 | v20110406 | v20130506 latest on 2017-07-05 | ,NP,NP, v20110406 | v20110406 | v20130506 latest on 2017-07-05 | ,NP,NP,NP,NP, v20110406 | v20130506 latest new | , v20110406 | v20130506 latest new | ,NP,NP, v20110406 | v20130506 latest new | ,NP,NP,NP,NP, v20110406 | v20130506 latest new | ,NP,NP,NP,NP, v20110406 | v20110406 | v20130506 latest on 2017-07-05 | ,NP, v20110406 | v20130506 latest new | ,NP
IPSL-CM5A-LR_r5i1p1,NP,NP,NP, v20111119 latest on 2017-07-05 | ,NP,NP, v20111119 latest on 2017-07-05 | ,NP,NP,NP,NP, v20111119 latest on 2017-07-05 | v20111119 latest on 2017-07-05 | , v20111119 latest on 2017-07-05 | ,NP,NP, v20111119 latest on 2017-07-05 | ,NP,NP,NP,NP, v20111119 latest on 2017-07-05 | ,NP,NP,NP,NP, v20111119 latest on 2017-07-05 | v20111119 latest on 2017-07-05 | ,NP, v20111119 latest on 2017-07-05 | ,NP
IPSL-CM5A-LR_r6i1p1,NP,NP,NP, v20120526 latest on 2017-07-05 | ,NP,NP, v20120526 latest on 2017-07-05 | ,NP,NP,NP,NP, v20120526 latest on 2017-07-05 | v20120526 latest on 2017-07-05 | , v20120526 latest on 2017-07-05 | ,NP,NP, v20120526 latest on 2017-07-05 | ,NP,NP,NP,NP, v20120526 latest on 2017-07-05 | ,NP,NP,NP,NP, v20120526 latest on 2017-07-05 | v20120526 latest on 2017-07-05 | ,NP, v20120526 latest on 2017-07-05 | ,NP
IPSL-CM5A-MR_r1i1p1,NP,NP,NP, v20111119 latest on 2017-07-05 | ,NP,NP, v20111119 latest on 2017-07-05 | ,NP,NP,NP,NP, v20111119 latest on 2017-07-05 | , v20111119 latest on 2017-07-05 | ,NP,NP, v20111119 latest on 2017-07-05 | ,NP,NP,NP,NP, v20111119 latest on 2017-07-05 | ,NP,NP,NP,NP, v20111119 latest on 2017-07-05 | ,NP, v20111119 latest on 2017-07-05 | ,NP
IPSL-CM5A-MR_r2i1p1,NP,NP,NP, v20120430 latest on 2017-07-05 | ,NP,NP, v20120430 latest on 2017-07-05 | ,NP,NP,NP,NP, v20120430 latest on 2017-07-05 | v20120430 latest on 2017-07-05 | , v20120430 latest new | ,NP,NP, v20120430 latest on 2017-07-05 | ,NP,NP,NP,NP, v20120430 latest on 2017-07-05 | ,NP,NP,NP,NP, v20120430 latest on 2017-07-05 | v20120430 latest on 2017-07-05 | ,NP, v20120430 latest on 2017-07-05 | ,NP
IPSL-CM5A-MR_r3i1p1,NP,NP,NP, v20120804 | v20130506 latest on 2017-07-05 | ,NP,NP, v20120804 | v20130506 latest on 2017-07-05 | ,NP,NP,NP,NP, v20120804 | v20120804 | v20130506 latest new | , v20130506 latest new | ,NP,NP, v20120804 | v20130506 latest new | ,NP,NP,NP,NP, v20120804 | v20130506 latest new | ,NP,NP,NP,NP, v20120804 | v20120804 | v20130506 latest on 2017-07-05 | ,NP, v20120804 | v20130506 latest new | ,NP
IPSL-CM5B-LR_r1i1p1,NP,NP,NP, v20120114 latest on 2017-07-05 | ,NP,NP, v20120114 latest on 2017-07-05 | v20120114 latest on 2017-07-05 | ,NP,NP,NP,NP, v20120114 latest on 2017-07-05 | v20120114 latest on 2017-07-05 | , v20120114 latest new | ,NP,NP, v20120114 latest on 2017-07-05 | v20120114 latest on 2017-07-05 | ,NP,NP,NP,NP, v20120114 latest on 2017-07-05 | v20120114 latest on 2017-07-05 | ,NP,NP,NP,NP, v20120114 latest on 2017-07-05 | v20120114 latest on 2017-07-05 | ,NP, v20120114 latest on 2017-07-05 | v20120114 latest on 2017-07-05 | ,NP
MIROC-ESM_r1i1p1,NP,NP,NP, v20110929 | v20120710 latest on 2017-07-05 | ,NP,NP, v20110929 | v20120710 latest on 2017-07-05 | ,NP,NP,NP,NP, v20110929 | v20120710 latest new | , v20110929 | v20120710 latest new | ,NP,NP, v20110929 | v20120710 latest on 2017-07-05 | ,NP,NP,NP,NP, v20110929 | v20120710 latest on 2017-07-05 | ,NP,NP,NP,NP, v20110929 | v20120710 latest on 2017-07-05 | ,NP, v20110929 | v20120710 latest on 2017-07-05 | ,NP
MIROC-ESM_r2i1p1,NP,NP,NP, v20111012 | v20120710 latest on 2017-07-05 | ,NP,NP, v20111012 | v20120710 latest on 2017-07-05 | ,NP,NP,NP,NP, v20111012 | v20120710 latest new | , v20111012 | v20120710 latest new | ,NP,NP, v20111012 | v20120710 latest new | ,NP,NP,NP,NP, v20111012 | v20120710 latest on 2017-07-05 | ,NP,NP,NP,NP, v20111012 | v20120710 latest on 2017-07-05 | ,NP, v20111012 | v20120710 latest on 2017-07-05 | ,NP
MIROC-ESM_r3i1p1,NP,NP,NP, v20111012 | v20120710 latest on 2017-07-05 | ,NP,NP, v20111012 | v20120710 latest on 2017-07-05 | ,NP,NP,NP,NP, v20111012 | v20120710 latest new | , v20111012 | v20120710 latest new | ,NP,NP, v20111012 | v20120710 latest new | ,NP,NP,NP,NP, v20111012 | v20120710 latest on 2017-07-05 | ,NP,NP,NP,NP, v20111012 | v20120710 latest on 2017-07-05 | ,NP, v20111012 | v20120710 latest on 2017-07-05 | ,NP
MIROC-ESM-CHEM_r1i1p1,NP,NP,NP, v20111004 | v20120710 latest on 2017-07-05 | ,NP,NP, v20111004 | v20120710 latest on 2017-07-05 | ,NP,NP,NP,NP, v20111004 | v20120710 latest on 2017-07-05 | , v20111004 | v20120710 latest new | ,NP,NP, v20111004 | v20120710 latest new | ,NP,NP,NP,NP, v20111004 | v20120710 latest on 2017-07-05 | ,NP,NP,NP,NP, v20111004 | v20120710 latest on 2017-07-05 | ,NP, v20111004 | v20120710 latest on 2017-07-05 | ,NP
MIROC4h_r1i1p1,NP,NP,NP, v20110729 | v20120628 latest on 2017-07-05 | ,NP,NP, v20110729 | v20120628 latest on 2017-07-05 | ,NP,NP,NP,NP, v20110729 | v20120628 latest on 2017-07-05 | , v20110729 | v20120628 latest new | ,NP,NP, v20110729 | v20120628 latest new | ,NP,NP,NP,NP, v20110729 | v20120628 latest on 2017-07-05 | ,NP,NP,NP,NP, v20110729 | v20120628 latest on 2017-07-05 | ,NP, v20110729 | v20120628 latest new | ,NP
MIROC4h_r2i1p1,NP,NP,NP, v20110825 | v20120628 latest on 2017-07-05 | ,NP,NP, v20110825 | v20120628 latest on 2017-07-05 | ,NP,NP,NP,NP, v20110825 | v20120628 latest on 2017-07-05 | , v20110825 | v20120628 latest new | ,NP,NP, v20110825 | v20120628 latest on 2017-07-05 | ,NP,NP,NP,NP, v20110825 | v20120628 latest on 2017-07-05 | ,NP,NP,NP,NP, v20110825 | v20120628 latest on 2017-07-05 | ,NP, v20110825 | v20120628 latest new | ,NP
MIROC4h_r3i1p1,NP,NP,NP, v20110825 | v20120628 latest on 2017-07-05 | ,NP,NP, v20110825 | v20120628 latest on 2017-07-05 | ,NP,NP,NP,NP, v20110825 | v20120628 latest new | , v20110825 | v20120628 latest on 2017-07-05 | ,NP,NP, v20110825 | v20120628 latest new | ,NP,NP,NP,NP, v20110825 | v20120628 latest new | ,NP,NP,NP,NP, v20110825 | v20120628 latest on 2017-07-05 | ,NP, v20110825 | v20120628 latest new | ,NP
MIROC5_r1i1p1,NP,NP,NP, v20111104 | v20120710 latest on 2017-07-05 | ,NP,NP, v20111104 | v20120710 latest on 2017-07-05 | ,NP,NP,NP,NP, v20111104 | v20120710 latest new | , v20110901 | v20111104 | v20120710 latest new | ,NP,NP, v20111104 | v20120710 latest new | ,NP,NP,NP,NP, v20111104 | v20120710 latest new | ,NP,NP,NP,NP, v20111104 | v20120710 latest on 2017-07-05 | ,NP, v20111104 | v20120710 latest new | ,NP
MIROC5_r2i1p1,NP,NP,NP, v20111202 | v20120710 latest on 2017-07-05 | ,NP,NP, v20111202 | v20120710 latest on 2017-07-05 | ,NP,NP,NP,NP, v20111202 | v20120710 latest new | , v20111202 | v20120710 latest new | ,NP,NP, v20111202 | v20120710 latest new | ,NP,NP,NP,NP, v20111202 | v20120710 latest new | ,NP,NP,NP,NP, v20111202 | v20120710 latest on 2017-07-05 | ,NP, v20111202 | v20120710 latest new | ,NP
MIROC5_r3i1p1,NP,NP,NP, v20111202 | v20120710 latest on 2017-07-05 | ,NP,NP, v20111202 | v20120710 latest on 2017-07-05 | ,NP,NP,NP,NP, v20111202 | v20120710 latest new | , v20111202 | v20120710 latest new | ,NP,NP, v20111202 | v20120710 latest new | ,NP,NP,NP,NP, v20111202 | v20120710 latest on 2017-07-05 | ,NP,NP,NP,NP, v20111202 | v20120710 latest on 2017-07-05 | ,NP, v20111202 | v20120710 latest new | ,NP
MIROC5_r4i1p1,NP,NP,NP, v20121221 latest on 2017-07-05 | ,NP,NP, v20121221 latest on 2017-07-05 | ,NP,NP,NP,NP, v20121221 latest on 2017-07-05 | , v20121221 latest new | ,NP,NP, v20121221 latest new | ,NP,NP,NP,NP, v20121221 latest on 2017-07-05 | ,NP,NP,NP,NP, v20121221 latest on 2017-07-05 | v20121221 latest on 2017-07-05 | ,NP, v20121221 latest on 2017-07-05 | ,NP
MIROC5_r5i1p1,NP,NP,NP, v20120710 latest on 2017-07-05 | ,NP,NP, v20120710 latest on 2017-07-05 | ,NP,NP,NP,NP, v20120710 latest on 2017-07-05 | , v20120710 latest on 2017-07-05 | ,NP,NP, v20120710 latest on 2017-07-05 | ,NP,NP,NP,NP, v20120710 latest on 2017-07-05 | ,NP,NP,NP,NP, v20120710 latest on 2017-07-05 | v20120710 latest on 2017-07-05 | ,NP, v20120710 latest on 2017-07-05 | ,NP
MPI-ESM-LR_r1i1p1,NP,NP,NP, v20120315 latest on 2017-07-05 | ,NP,NP, v20111119 | v20120315 latest on 2017-07-05 | ,NP,NP,NP,NP, v20120315 latest on 2017-07-05 | , v20111119 | v20120315 latest new | ,NP,NP, v20111119 | v20120315 latest new | ,NP,NP,NP,NP, v20120315 latest on 2017-07-05 | ,NP,NP,NP,NP, v20120315 latest on 2017-07-05 | v20120315 latest on 2017-07-05 | ,NP, v20111119 | v20120315 latest on 2017-07-05 | ,NP
MPI-ESM-LR_r2i1p1,NP,NP,NP, v20111119 | v20120315 latest on 2017-07-05 | ,NP,NP, v20120315 latest on 2017-07-05 | ,NP,NP,NP,NP, v20120315 latest on 2017-07-05 | , v20111119 | v20120315 latest new | ,NP,NP, v20120315 latest new | ,NP,NP,NP,NP, v20120315 latest on 2017-07-05 | ,NP,NP,NP,NP, v20120315 latest on 2017-07-05 | v20120315 latest on 2017-07-05 | ,NP, v20120315 latest on 2017-07-05 | ,NP
MPI-ESM-LR_r3i1p1,NP,NP,NP, v20120315 latest on 2017-07-05 | ,NP,NP, v20120315 latest on 2017-07-05 | ,NP,NP,NP,NP, v20120315 latest on 2017-07-05 | , v20111119 | v20120315 latest on 2017-07-05 to update  | ,NP,NP, v20120315 latest new | ,NP,NP,NP,NP, v20120315 latest on 2017-07-05 | ,NP,NP,NP,NP, v20120315 latest on 2017-07-05 | v20120315 latest on 2017-07-05 | ,NP, v20120315 latest on 2017-07-05 | ,NP
MPI-ESM-MR_r1i1p1,NP,NP,NP, v20120503 latest on 2017-07-05 | ,NP,NP, v20120503 latest on 2017-07-05 | ,NP,NP,NP,NP, v20120503 latest on 2017-07-05 | , v20120503 latest on 2017-07-05 to update  | ,NP,NP, v20120503 latest on 2017-07-05 | ,NP,NP,NP,NP, v20120503 latest on 2017-07-05 | ,NP,NP,NP,NP, v20120503 latest on 2017-07-05 | ,NP, v20120503 latest on 2017-07-05 | ,NP
MPI-ESM-MR_r2i1p1,NP,NP,NP, v20120503 latest on 2017-07-05 | ,NP,NP, v20120503 latest on 2017-07-05 | ,NP,NP,NP,NP, v20120503 latest on 2017-07-05 | , v20120503 latest new | ,NP,NP, v20120503 latest on 2017-07-05 | ,NP,NP,NP,NP, v20120503 latest on 2017-07-05 | ,NP,NP,NP,NP, v20120503 latest on 2017-07-05 | ,NP, v20120503 latest on 2017-07-05 | ,NP
MPI-ESM-MR_r3i1p1,NP,NP,NP, v20120503 latest on 2017-07-05 | ,NP,NP, v20120503 latest on 2017-07-05 | ,NP,NP,NP,NP, v20120503 latest on 2017-07-05 | , v20120503 latest new | ,NP,NP, v20120503 latest new | ,NP,NP,NP,NP, v20120503 latest on 2017-07-05 | ,NP,NP,NP,NP, v20120503 latest on 2017-07-05 | ,NP, v20120503 latest on 2017-07-05 | ,NP
MPI-ESM-P_r1i1p1,NP,NP,NP, v20120315 latest on 2017-07-05 | ,NP,NP, v20120315 latest on 2017-07-05 | v20120315 latest on 2017-07-05 | ,NP,NP,NP,NP, v20120315 latest on 2017-07-05 | v20120315 latest on 2017-07-05 | , v20120315 latest on 2017-07-05 to update  | ,NP,NP, v20120315 latest on 2017-07-05 | v20120315 latest on 2017-07-05 | ,NP,NP,NP,NP, v20120315 latest on 2017-07-05 | ,NP,NP,NP,NP, v20120315 latest on 2017-07-05 | v20120315 latest on 2017-07-05 | ,NP, v20120315 latest on 2017-07-05 | ,NP
MPI-ESM-P_r2i1p1,NP,NP,NP, v20120315 latest on 2017-07-05 | ,NP,NP, v20120315 latest on 2017-07-05 | v20120315 latest on 2017-07-05 | ,NP,NP,NP,NP, v20120315 latest on 2017-07-05 | , v20120315 latest on 2017-07-05 to update  | ,NP,NP, v20120315 latest on 2017-07-05 | ,NP,NP,NP,NP, v20120315 latest on 2017-07-05 | ,NP,NP,NP,NP, v20120315 latest on 2017-07-05 | v20120315 latest on 2017-07-05 | ,NP, v20120315 latest on 2017-07-05 | ,NP
MRI-CGCM3_r1i1p1,NP,NP,NP, v20110831 | v20120701 latest on 2017-07-05 | ,NP,NP, v20110831 | v20120701 latest on 2017-07-05 | ,NP,NP,NP,NP, v20110831 | v20120701 latest new | ,NP,NP,NP, v20110831 | v20120701 latest new | ,NP,NP,NP,NP, v20110831 | v20120701 latest on 2017-07-05 | ,NP,NP,NP,NP, v20110831 | v20120701 latest on 2017-07-05 | ,NP, v20110831 | v20120701 latest on 2017-07-05 | ,NP
MRI-CGCM3_r2i1p1,NP,NP,NP, v20110915 | v20120701 latest on 2017-07-05 | ,NP,NP, v20110915 | v20120701 latest on 2017-07-05 | ,NP,NP,NP,NP, v20110915 | v20120701 latest new | ,NP,NP,NP, v20110915 | v20120701 latest new | ,NP,NP,NP,NP, v20110915 | v20120701 latest on 2017-07-05 | ,NP,NP,NP,NP, v20110915 | v20120701 latest on 2017-07-05 | ,NP, v20110915 | v20120701 latest on 2017-07-05 | ,NP
MRI-CGCM3_r3i1p1,NP,NP,NP, v20110915 | v20120701 latest on 2017-07-05 | ,NP,NP, v20110915 | v20120701 latest on 2017-07-05 | ,NP,NP,NP,NP, v20110915 | v20120701 latest new | ,NP,NP,NP, v20110915 | v20120701 latest new | ,NP,NP,NP,NP, v20110915 | v20120701 latest on 2017-07-05 | ,NP,NP,NP,NP, v20110915 | v20120701 latest on 2017-07-05 | ,NP, v20110915 | v20120701 latest on 2017-07-05 | ,NP
MRI-CGCM3_r4i1p2,NP,NP,NP, v20110915 | v20120701 latest on 2017-07-05 | ,NP,NP, v20110915 | v20120701 latest on 2017-07-05 | ,NP,NP,NP,NP, v20110915 | v20120701 latest new | ,NP,NP,NP, v20110915 | v20120701 latest new | ,NP,NP,NP,NP, v20110915 | v20120701 latest on 2017-07-05 | ,NP,NP,NP,NP, v20110915 | v20120701 latest on 2017-07-05 | ,NP, v20110915 | v20120701 latest on 2017-07-05 | ,NP
MRI-CGCM3_r5i1p2,NP,NP,NP, v20110915 | v20120701 latest on 2017-07-05 | ,NP,NP, v20110915 | v20120701 latest on 2017-07-05 | ,NP,NP,NP,NP, v20110915 | v20120701 latest new | ,NP,NP,NP, v20110915 | v20120701 latest new | ,NP,NP,NP,NP, v20110915 | v20120701 latest on 2017-07-05 | ,NP,NP,NP,NP, v20110915 | v20120701 latest on 2017-07-05 | ,NP, v20110915 | v20120701 latest on 2017-07-05 | ,NP
MRI-ESM1_r1i1p1,NP,NP,NP, v20130307 latest on 2017-07-05 | ,NP,NP, v20130307 latest on 2017-07-05 | ,NP,NP,NP,NP, v20130307 latest on 2017-07-05 | , v20130307 latest new | ,NP,NP, v20130307 latest new | ,NP,NP,NP,NP, v20130307 latest on 2017-07-05 | ,NP,NP,NP,NP, v20130307 latest on 2017-07-05 | ,NP, v20130307 latest on 2017-07-05 | ,NP
NorESM1-M_r1i1p1,NP,NP,NP, v20120412 | v20120412 | v20110901 latest new | ,NP,NP, v20120412 | v20120412 | v20110901 latest new | ,NP,NP,NP,NP, v20120412 | v20110901 latest new | ,NP,NP,NP, v20120412 | v20110901 latest new | ,NP,NP,NP,NP, v20120412 | v20120412 | v20110901 latest new | ,NP,NP,NP,NP, v20120412 | v20120412 | v20110901 latest new | ,NP, v20120412 | v20120412 | v20110901 latest new | ,NP
NorESM1-M_r2i1p1,NP,NP,NP, v20120412 | v20120412 | v20110901 latest new | ,NP,NP, v20120412 | v20120412 | v20110901 latest new | ,NP,NP,NP,NP, v20120412 | v20120412 | v20110901 latest new | ,NP,NP,NP, v20120412 | v20120412 | v20110901 latest new | ,NP,NP,NP,NP, v20120412 | v20120412 | v20110901 latest new | ,NP,NP,NP,NP, v20120412 | v20120412 | v20110901 latest new | ,NP, v20120412 | v20120412 | v20110901 latest new | ,NP
NorESM1-M_r3i1p1,NP,NP,NP, v20120412 | v20120412 | v20110901 latest new | ,NP,NP, v20120412 | v20120412 | v20110901 latest new | ,NP,NP,NP,NP, v20120412 | v20110901 latest new | ,NP,NP,NP, v20120412 | v20110901 latest new | ,NP,NP,NP,NP, v20120412 | v20120412 | v20110901 latest new | ,NP,NP,NP,NP, v20120412 | v20120412 | v20110901 latest new | ,NP, v20120412 | v20120412 | v20110901 latest new | ,NP
NorESM1-ME_r1i1p1,NP,NP,NP, v20120225 latest on 2017-07-05 | ,NP,NP, v20120225 latest on 2017-07-05 | v20130926 | ,NP,NP,NP,NP, v20120225 latest on 2017-07-05 | ,NP,NP,NP, v20120225 latest on 2017-07-05 | ,NP,NP,NP,NP, v20120225 latest on 2017-07-05 | v20130926 | ,NP,NP,NP,NP, v20120225 latest on 2017-07-05 | v20130926 | ,NP, v20120225 latest on 2017-07-05 | v20130926 | ,NP
bcc-csm1-1_r1i1p1,NP,NP,NP, version not defined | ,NP,NP, version not defined | ,NP,NP,NP,NP, version not defined | , version not defined | ,NP,NP, version not defined | ,NP,NP,NP,NP, version not defined | ,NP,NP,NP,NP, version not defined | ,NP, version not defined | ,NP
bcc-csm1-1_r2i1p1,NP,NP,NP, version not defined | ,NP,NP, version not defined | ,NP,NP,NP,NP, version not defined | , version not defined | ,NP,NP, version not defined | ,NP,NP,NP,NP, version not defined | ,NP,NP,NP,NP, version not defined | ,NP, version not defined | ,NP
bcc-csm1-1_r3i1p1,NP,NP,NP, version not defined | ,NP,NP, version not defined | ,NP,NP,NP,NP, version not defined | , version not defined | ,NP,NP, version not defined | ,NP,NP,NP,NP, version not defined | ,NP,NP,NP,NP, version not defined | ,NP, version not defined | ,NP
bcc-csm1-1-m_r1i1p1,NP,NP,NP, v20120709 | ,NP,NP, version not defined | ,NP,NP,NP,NP, version not defined | ,NP,NP,NP, version not defined | ,NP,NP,NP,NP, version not defined | ,NP,NP,NP,NP, version not defined | ,NP, version not defined | ,NP
bcc-csm1-1-m_r2i1p1,NP,NP,NP, v20120709 | ,NP,NP, version not defined | ,NP,NP,NP,NP, version not defined | ,NP,NP,NP, version not defined | ,NP,NP,NP,NP, version not defined | ,NP,NP,NP,NP, version not defined | ,NP, version not defined | ,NP
bcc-csm1-1-m_r3i1p1,NP,NP,NP, v20120709 | ,NP,NP, version not defined | ,NP,NP,NP,NP, version not defined | ,NP,NP,NP, version not defined | ,NP,NP,NP,NP, version not defined | ,NP,NP,NP,NP, version not defined | ,NP, version not defined | ,NP
inmcm4_r1i1p1,NP,NP,NP, v20130207 latest on 2017-07-05 | ,NP,NP, v20130207 latest on 2017-07-05 | ,NP,NP,NP,NP, v20130207 latest on 2017-07-05 | ,NP,NP,NP, v20130207 latest on 2017-07-05 | ,NP,NP,NP,NP, v20130207 latest on 2017-07-05 | ,NP,NP,NP,NP, v20130207 latest on 2017-07-05 | ,NP, v20130207 latest on 2017-07-05 | ,NP
